actual_price,discount,discounted_price,name,rating,specification,total_ratings
"₹12,164",35% off,"₹,18,999","REDMI 10 Power (Power Black, 128 GB)",4.2,"8 GB RAM | 128 GB ROM,17.02 cm (6.7 inch) Display,50MP Rear Camera,6000 mAh Battery,12 Months Warranty",858 Ratings 
"₹12,190",35% off,"₹,18,999","REDMI 10 Power (Sporty Orange, 128 GB)",4.2,"8 GB RAM | 128 GB ROM,17.02 cm (6.7 inch) Display,50MP Rear Camera,6000 mAh Battery,12 Months Warranty",858 Ratings 
"₹13,495",15% off,"₹,15,999","Redmi 10 Prime (Phantom Black, 128 GB)",3.9,"6 GB RAM | 128 GB ROM,16.51 cm (6.5 inch) Display,8MP Rear Camera,6000 mAh Battery,1 Year Manufacturer Warranty for Handset and 6 Months Warranty for In the Box Accessories",21 Ratings 
"₹7,299",14% off,"₹,8,499","Redmi 9A Sport (Metallic Blue, 32 GB)",4.1,"2 GB RAM | 32 GB ROM,16.59 cm (6.53 inch) Display,13MP Rear Camera,5000 mAh Battery,1 Year Warranty","25,316 Ratings "
"₹7,265",14% off,"₹,8,499","Redmi 9A Sport (Carbon Black, 32 GB)",4.1,"2 GB RAM | 32 GB ROM,16.59 cm (6.53 inch) Display,13MP Rear Camera,5000 mAh Battery,1 Year Warranty","25,316 Ratings "
"₹19,200",16% off,"₹,22,999","REDMI Note 11T 5G (Stardust White, 128 GB)",4.3,"8 GB RAM | 128 GB ROM,16.76 cm (6.6 inch) Display,50MP Rear Camera,5000 mAh Battery,12 Months Warranty","3,119 Ratings "
"₹19,899",13% off,"₹,22,999","REDMI Note 11T 5G (Aquamarine Blue, 128 GB)",4.3,"8 GB RAM | 128 GB ROM,16.76 cm (6.6 inch) Display,50MP Rear Camera,5000 mAh Battery,12 Months Warranty","3,119 Ratings "
"₹7,989",6% off,"₹,8,499","Redmi 9A (Midnight Black, 32 GB)",4.3,"2 GB RAM | 32 GB ROM,16.59 cm (6.53 inch) Full HD+ Display,13MP Rear Camera,5000 mAh Battery,1 Year  Manufacturer Warranty","21,567 Ratings "
"₹21,989",,,"Xiaomi 11Lite NE (Tuscany Coral, 128 GB)",4.2,"6 GB RAM | 128 GB ROM | Expandable Upto 1 TB,16.64 cm (6.55 inch) Full HD+ Display,64MP + 8MP + 5MP | 20MP Front Camera,4250 mAh Battery,Qualcomm Snapdragon 778G Processor,Brand Warranty of 1 Year Available for Mobile and 6 Months for Accessories","3,390 Ratings "
"₹20,425",,,"Redmi Note 11 PRO Plus 5G (Stealth Black, 128 GB)",4.2,"6 GB RAM | 128 GB ROM,16.94 cm (6.67 inch) Display,108MP Rear Camera,5000 mAh Battery,1 Year Warranty","5,994 Ratings "
"₹23,990",24% off,"₹,31,648","Xiaomi 11Lite NE (Diamond Dazzle, 128 GB)",4.2,"6 GB RAM | 128 GB ROM | Expandable Upto 1 TB,16.64 cm (6.55 inch) Full HD+ Display,64MP + 8MP + 5MP | 20MP Front Camera,4250 mAh Battery,Qualcomm Snapdragon 778G Processor,Brand Warranty of 1 Year Available for Mobile and 6 Months for Accessories","3,390 Ratings "
"₹20,700",17% off,"₹,24,999","REDMI Note 11 Pro (Star Blue, 128 GB)",4.1,"8 GB RAM | 128 GB ROM,16.94 cm (6.67 inch) Display,108MP Rear Camera,5000 mAh Battery,12 Months Warranty",706 Ratings 
"₹7,999",15% off,"₹,9,499","Redmi 9A Sport (Metallic Blue, 32 GB)",4.2,"3 GB RAM | 32 GB ROM,16.59 cm (6.53 inch) Display,13MP Rear Camera,5000 mAh Battery,1 Year Warranty","6,304 Ratings "
"₹6,999",,,"Redmi 7A (Matte Gold, 32 GB)",4.3,"2 GB RAM | 32 GB ROM | Expandable Upto 256 GB,13.84 cm (5.45 inch) HD+ Display,12MP Rear Camera | 5MP Front Camera,4000 mAh Li-Polymer Battery,Qualcomm Snapdragon 439 Processor,Brand Warranty of 2 Years Available for Mobile and 6 Months for Accessories","3,89,021 Ratings "
"₹10,749",2% off,"₹,10,999","Redmi 8 (Sapphire Blue, 64 GB)",4.4,"4 GB RAM | 64 GB ROM | Expandable Upto 512 GB,15.8 cm (6.22 inch) HD+ Display,12MP + 2MP | 8MP Front Camera,5000 mAh Battery,Qualcomm Snapdragon 439 Processor,Brand Warranty of 1 Year Available for Mobile and 6 Months for Accessories","9,42,883 Ratings "
"₹7,199",20% off,"₹,8,999","Redmi 9A Sport (Coral Green, 32 GB)",4.1,"2 GB RAM | 32 GB ROM,16.59 cm (6.53 inch) Display,13MP Rear Camera,5000 mAh Battery,1 Year Warranty","25,316 Ratings "
"₹19,190",16% off,"₹,22,999","REDMI Note 11 Pro (Star blue, 128 GB)",4.2,"6 GB RAM | 128 GB ROM,16.94 cm (6.67 inch) Display,108MP Rear Camera,5000 mAh Battery,12 Months Warranty","1,219 Ratings "
"₹6,999",,,"Redmi 7A (Matte Black, 32 GB)",4.3,"2 GB RAM | 32 GB ROM | Expandable Upto 256 GB,13.84 cm (5.45 inch) HD+ Display,12MP Rear Camera | 5MP Front Camera,4000 mAh Li-Polymer Battery,Qualcomm Snapdragon 439 Processor,Brand Warranty of 2 Years Available for Mobile and 6 Months for Accessories","3,89,021 Ratings "
"₹29,999",33% off,"₹,44,999","Mi 11X Pro 5G (Celestial Silver, 128 GB)",4,"8 GB RAM | 128 GB ROM,16.94 cm (6.67 inch) Full HD+ Display,108MP + 8MP + 5MP | 20MP Front Camera,4520 mAh Battery,Qualcomm Snapdragon 888 Processor,1 Year Manufacturer Warranty for Device and 6 Months Manufacturer Warranty for In-box Accessories",450 Ratings 
"₹20,999",19% off,"₹,25,999","Mi 11 Lite (Tuscany Coral, 128 GB)",4.2,"8 GB RAM | 128 GB ROM | Expandable Upto 512 GB,16.64 cm (6.55 inch) Full HD+ Display,64MP + 8MP + 5MP | 16MP Front Camera,4250 mAh Li-Polymer Battery,Qualcomm Snapdragon 732G Processor,1 Year Manufacturer Warranty for Handset and 6 Months Warranty for In the Box Accessories","6,030 Ratings "
"₹25,990",22% off,"₹,33,735","Xiaomi 11Lite NE (Vinyl Black, 128 GB)",4.3,"8 GB RAM | 128 GB ROM | Expandable Upto 1 TB,16.64 cm (6.55 inch) Full HD+ Display,64MP + 8MP + 5MP | 20MP Front Camera,4250 mAh Battery,Qualcomm Snapdragon 778G Processor,Brand Warranty of 1 Year Available for Mobile and 6 Months for Accessories","1,632 Ratings "
"₹8,199",1% off,"₹,8,295","Redmi 9A (Nature Green, 32 GB)",4.3,"3 GB RAM | 32 GB ROM | Expandable Upto 512 GB,16.59 cm (6.53 inch) HD+ Display,13MP Rear Camera | 5MP Front Camera,5000 mAh Battery,MediaTek Helio G25 Processor,1 year manufacturer warranty for device and 6 months manufacturer warranty for in-box accessories including batteries from the date of purchase","14,664 Ratings "
"₹24,999",,,"Redmi K20 (Carbon Black, 128 GB)",4.5,"6 GB RAM | 128 GB ROM,16.23 cm (6.39 inch) Full HD+ Display,48MP + 13MP + 8MP | 20MP Front Camera,4000 mAh Li-polymer Battery,Qualcomm Snapdragon 730 Processor,Brand Warranty of 1 Year Available for Mobile and 6 Months for Accessories","51,360 Ratings "
"₹23,990",20% off,"₹,29,999","Mi 11X (Cosmic Black, 128 GB)",4.2,"6 GB RAM | 128 GB ROM,16.94 cm (6.67 inch) Full HD+ Display,48MP + 8MP + 5MP | 20MP Front Camera,4520 mAh Battery,Qualcomm Snapdragon 870 Processor,1 Year Manufacturer Warranty for Device and 6 Months Manufacturer Warranty for In-box Accessories","2,815 Ratings "
"₹24,999",21% off,"₹,31,999","Xiaomi 11i Hypercharge 5G (Camo Green, 128 GB)",4.2,"6 GB RAM | 128 GB ROM | Expandable Upto 1 TB,16.94 cm (6.67 inch) Full HD+ AMOLED Display,108MP + 8MP + 2MP | 16MP Front Camera,4500 mAh Li-Polymer Battery,Mediatek Dimensity 920 Processor,1 Year Manufacturer Warranty for Phone and 6 Months Warranty for In the Box Accessories","11,163 Ratings "
"₹5,999",,,"Redmi Go (Black, 8 GB)",4.3,"1 GB RAM | 8 GB ROM | Expandable Upto 128 GB,12.7 cm (5 inch) HD Display,8MP Rear Camera | 5MP Front Camera,3000 mAh Li Polymer Battery,Qualcomm Snapdragon 425 Processor,Brand Warranty of 1 Year Available for Mobile and 6 Months for Accessories","1,67,717 Ratings "
"₹23,999",7% off,"₹,25,999","Mi 11 Lite (Vinyl Black, 128 GB)",4.2,"8 GB RAM | 128 GB ROM | Expandable Upto 512 GB,16.64 cm (6.55 inch) Full HD+ Display,64MP + 8MP + 5MP | 16MP Front Camera,4250 mAh Li-Polymer Battery,Qualcomm Snapdragon 732G Processor,1 Year Manufacturer Warranty for Handset and 6 Months Warranty for In the Box Accessories","6,030 Ratings "
"₹24,999",16% off,"₹,29,999","Xiaomi 11i 5G (Stealth Black, 128 GB)",4.2,"6 GB RAM | 128 GB ROM | Expandable Upto 1 TB,16.94 cm (6.67 inch) Full HD+ AMOLED Display,108MP Rear Camera | 16MP Front Camera,5160 mAh Li-Polymer Battery,Mediatek Dimensity 920 Processor,1 Year Manufacturer Warranty for Phone and 6 Months Warranty for in the Box Accessories","37,876 Ratings "
"₹6,999",,,"Redmi 7A (Matte Blue, 32 GB)",4.3,"2 GB RAM | 32 GB ROM | Expandable Upto 256 GB,13.84 cm (5.45 inch) HD+ Display,12MP Rear Camera | 5MP Front Camera,4000 mAh Li-Polymer Battery,Qualcomm Snapdragon 439 Processor,Brand Warranty of 2 Years Available for Mobile and 6 Months for Accessories","3,89,021 Ratings "
"₹24,999",16% off,"₹,29,999","Xiaomi 11i 5G (Purple Mist, 128 GB)",4.2,"6 GB RAM | 128 GB ROM | Expandable Upto 1 TB,16.94 cm (6.67 inch) Full HD+ AMOLED Display,108MP Rear Camera | 16MP Front Camera,5160 mAh Li-Polymer Battery,Mediatek Dimensity 920 Processor,1 Year Manufacturer Warranty for Phone and 6 Months Warranty for in the Box Accessories","37,876 Ratings "
"₹34,990",30% off,"₹,49,999","Xiaomi 11T Pro 5G Hyperphone (Moonlight White, 256 GB)",4,"8 GB RAM | 256 GB ROM,16.94 cm (6.67 inch) Display,108MP Rear Camera,5000 mAh Battery,12 months",512 Ratings 
"₹14,998",11% off,"₹,16,999","REDMI Note 10 lite (Glacier White, 64 GB)",4.3,"4 GB RAM | 64 GB ROM,16.94 cm (6.67 inch) Display,48MP Rear Camera,5018 mAh Battery,12 months",531 Ratings 
"₹36,990",26% off,"₹,49,999","Xiaomi 11T Pro 5G Hyperphone (Celestial Magic, 128 GB)",4,"8 GB RAM | 128 GB ROM,16.94 cm (6.67 inch) Display,108MP Rear Camera,5000 mAh Battery,1 Year",512 Ratings 
"₹24,999",26% off,"₹,33,999","Mi 11X (Cosmic Black, 128 GB)",4.2,"6 GB RAM | 128 GB ROM,16.94 cm (6.67 inch) Display,48MP Rear Camera,4520 mAh Battery,1 Year Manufacturer Warranty for Handset and 6 Months Warranty for In the Box Accessories","2,815 Ratings "
"₹53,990",,,"Xiaomi 11T Pro 5G Hyperphone (Meteorite Black, 256 GB)",4.2,"12 GB RAM | 256 GB ROM,16.94 cm (6.67 inch) Display,108MP Rear Camera,5000 mAh Battery,12 months",185 Ratings 
"₹11,699",16% off,"₹,13,999","REDMI 10A (CHARCOAL BLACK, 128 GB)",4,"6 GB RAM | 128 GB ROM,16.59 cm (6.53 inch) Display,13MP Rear Camera,5000 mAh Battery,1 Year Manufacturer Warranty for Handset and 6 Months Warranty for In the Box Accessories",150 Ratings 
"₹10,999",,,"Redmi 8 (Ruby Red, 64 GB)",4.4,"4 GB RAM | 64 GB ROM | Expandable Upto 512 GB,15.8 cm (6.22 inch) HD+ Display,12MP + 2MP | 8MP Front Camera,5000 mAh Battery,Qualcomm Snapdragon 439 Processor,Brand Warranty of 1 Year Available for Mobile and 6 Months for Accessories","9,42,883 Ratings "
"₹35,999",10% off,"₹,39,999","Mi 10T (Cosmic Black, 128 GB)",4.2,"6 GB RAM | 128 GB ROM,16.94 cm (6.67 inch) Full HD+ Display,64MP + 13MP + 5MP | 20MP Front Camera,5000 mAh Li-ion Polymer Battery,Qualcomm Snapdragon 865 Processor,144Hz Intelligent AdaptiveSync Display,33W Dual Split Flash Charge,1 Year Manufacturer Warranty for Device and 6 Months Manufacturer Warranty for In-box Accessories","4,019 Ratings "
"₹10,999",8% off,"₹,11,999","Redmi Note 7S (Ruby Red, 32 GB)",4.4,"3 GB RAM | 32 GB ROM | Expandable Upto 256 GB,16.0 cm (6.3 inch) Full HD+ Display,48MP + 5MP | 13MP Front Camera,4000 mAh Battery,Qualcomm Snapdragon 660 AIE Processor,Splash Proof - Protected by P2i,Quick Charge 4.0 Support,Brand Warranty of 1 Year Available for Mobile and 6 Months for Accessories","3,04,998 Ratings "
"₹14,999",,,"Redmi Note 5 Pro (Gold, 64 GB)",4.5,"4 GB RAM | 64 GB ROM | Expandable Upto 128 GB,15.21 cm (5.99 inch) Full HD+ Display,12MP + 5MP | 20MP Front Camera,4000 mAh Li Polymer Battery,Qualcomm Snapdragon 636 Processor,Brand Warranty of 1 Year Available for Mobile and 6 Months for Accessories","11,71,652 Ratings "
"₹54,990",35% off,"₹,84,999","Xiaomi 12 Pro 5G (Opera Mauve, 256 GB)",4.2,"12 GB RAM | 256 GB ROM,17.09 cm (6.73 inch) Full HD+ AMOLED Display,50MP Rear Camera,4600 mAh Battery,Snapdragon@ 8 Gen 1 Processor,12 Months",150 Ratings 
"₹47,999",,,"Mi 10T Pro (Cosmic Black, 128 GB)",4.2,"8 GB RAM | 128 GB ROM,16.94 cm (6.67 inch) Full HD+ Display,108MP + 13MP + 5MP | 20MP Front Camera,5000 mAh Li-ion Polymer Battery,Qualcomm Snapdragon 865 Processor,144Hz Intelligent AdaptiveSync Display,33W Dual Split Flash Charge,1 Year Manufacturer Warranty for Device and 6 Months Manufacturer Warranty for In-box Accessories","3,685 Ratings "
"₹25,990",23% off,"₹,33,817","Xiaomi 11Lite NE (Tuscany Coral, 128 GB)",4.3,"8 GB RAM | 128 GB ROM | Expandable Upto 1 TB,16.64 cm (6.55 inch) Full HD+ Display,64MP + 8MP + 5MP | 20MP Front Camera,4250 mAh Battery,Qualcomm Snapdragon 778G Processor,Brand Warranty of 1 Year Available for Mobile and 6 Months for Accessories","1,632 Ratings "
"₹10,499",,,"Redmi Y2 (Blue, 32 GB)",4.5,"3 GB RAM | 32 GB ROM | Expandable Upto 256 GB,15.21 cm (5.99 inch) HD+ Display,12MP + 5MP | 16MP Front Camera,3080 mAh Li Polymer Battery,Qualcomm Snapdragon 625 Processor,Brand Warranty of 1 Year Available for Mobile and 6 Months for Accessories","1,21,516 Ratings "
"₹12,999",,,"Redmi Note 7 (Onyx Black, 32 GB)",4.4,"3 GB RAM | 32 GB ROM | Expandable Upto 256 GB,16.0 cm (6.3 inch) Full HD+ Display,12MP + 2MP | 13MP Front Camera,4000 mAh Li-polymer Battery,Qualcomm Snapdragon 660 AIE Processor,Splash Proof - Protected by P2i,Quick Charge 4.0 Support,Brand Warranty of 1 Year Available for Mobile and 6 Months for Accessories","1,32,356 Ratings "
"₹26,999",15% off,"₹,31,999","Xiaomi 11i 5G (Stealth Black, 128 GB)",4.2,"8 GB RAM | 128 GB ROM | Expandable Upto 1 TB,16.94 cm (6.67 inch) Full HD+ AMOLED Display,108MP Rear Camera | 16MP Front Camera,5160 mAh Li-Polymer Battery,Mediatek Dimensity 920 Processor,1 Year Manufacturer Warranty for Phone and 6 Months Warranty for in the Box Accessories","20,968 Ratings "
"₹24,999",16% off,"₹,29,999","Xiaomi 11i 5G (Pacific Pearl, 128 GB)",4.2,"6 GB RAM | 128 GB ROM | Expandable Upto 1 TB,16.94 cm (6.67 inch) Full HD+ AMOLED Display,108MP Rear Camera | 16MP Front Camera,5160 mAh Li-Polymer Battery,Mediatek Dimensity 920 Processor,1 Year Manufacturer Warranty for Phone and 6 Months Warranty for in the Box Accessories","37,876 Ratings "
"₹49,890",28% off,"₹,69,999","Xiaomi 12 Pro 5G (Opera Mauve, 256 GB)",4.1,"8 GB RAM | 256 GB ROM,17.09 cm (6.73 inch) Full HD+ AMOLED Display,50MP Rear Camera,4600 mAh Battery,Snapdragon@ 8 Gen 1 Processor,12 Months",149 Ratings 
"₹10,990",8% off,"₹,11,999","Redmi 5 (Gold, 64 GB)",4.3,"4 GB RAM | 64 GB ROM | Expandable Upto 128 GB,14.48 cm (5.7 inch) HD+ Display,12MP Rear Camera | 5MP Front Camera,3300 mAh Battery,Qualcomm Snapdragon 450 Processor,Brand Warranty of 1 Year Available for Mobile and 6 Months for Accessories","4,960 Ratings "
"₹13,999",,,"Redmi Note 7S (Sapphire Blue, 64 GB)",4.4,"4 GB RAM | 64 GB ROM | Expandable Upto 256 GB,16.0 cm (6.3 inch) Full HD+ Display,48MP + 5MP | 13MP Front Camera,4000 mAh Battery,Qualcomm Snapdragon 660 AIE Processor,Splash Proof - Protected by P2i,Quick Charge 4.0 Support,Brand Warranty of 1 Year Available for Mobile and 6 Months for Accessories","4,22,245 Ratings "
"₹24,999",,,"Redmi K20 (Pearl White, 128 GB)",4.5,"6 GB RAM | 128 GB ROM,16.23 cm (6.39 inch) Full HD+ Display,48MP + 13MP + 8MP | 20MP Front Camera,4000 mAh Li-polymer Battery,Qualcomm Snapdragon 730 Processor,Brand Warranty of 1 Year Available for Mobile and 6 Months for Accessories","51,360 Ratings "
"₹13,499",,,"Redmi Y2 (Dark Grey, 64 GB)",4.4,"4 GB RAM | 64 GB ROM | Expandable Upto 256 GB,15.21 cm (5.99 inch) HD+ Display,12MP + 5MP | 16MP Front Camera,3080 mAh Li Polymer Battery,Qualcomm Snapdragon 625 Processor,Brand Warranty of 1 Year Available for Mobile and 6 Months for Accessories","27,461 Ratings "
"₹12,999",,,"Redmi Note 7 (Ruby Red, 32 GB)",4.4,"3 GB RAM | 32 GB ROM | Expandable Upto 256 GB,16.0 cm (6.3 inch) Full HD+ Display,12MP + 2MP | 13MP Front Camera,4000 mAh Li-polymer Battery,Qualcomm Snapdragon 660 AIE Processor,Splash Proof - Protected by P2i,Quick Charge 4.0 Support,Brand Warranty of 1 Year Available for Mobile and 6 Months for Accessories","1,32,356 Ratings "
"₹23,999",7% off,"₹,25,999","Mi 11 Lite (Jazz Blue, 128 GB)",4.2,"8 GB RAM | 128 GB ROM | Expandable Upto 512 GB,16.64 cm (6.55 inch) Full HD+ Display,64MP + 8MP + 5MP | 16MP Front Camera,4250 mAh Li-Polymer Battery,Qualcomm Snapdragon 732G Processor,1 Year Manufacturer Warranty for Handset and 6 Months Warranty for In the Box Accessories","6,030 Ratings "
"₹16,499",2% off,"₹,16,999","Redmi 10 Prime (Bifrost Blue, 128 GB)",3.9,"6 GB RAM | 128 GB ROM,16.51 cm (6.5 inch) Display,8MP Rear Camera,6000 mAh Battery,1 Year Manufacturer Warranty for Handset and 6 Months Warranty for In the Box Accessories",21 Ratings 
"₹23,700",10% off,"₹,26,499","Redmi Note 11 PRO Plus 5G (Mirage Blue, 128 GB)",4.2,"8 GB RAM | 128 GB ROM,16.94 cm (6.67 inch) Display,108MP Rear Camera,5000 mAh Battery,12 months","2,963 Ratings "
"₹8,999",,,"Redmi 8A Dual (Sky White, 32 GB)",4.2,"3 GB RAM | 32 GB ROM | Expandable Upto 512 GB,15.8 cm (6.22 inch) HD+ Display,13MP + 2MP | 8MP Front Camera,5000 mAh Lithium Polymer Battery,Qualcomm Snapdragon 439 Processor,1 Year Manufacturer Warranty for Device and 6 Months Manufacturer Warranty for Inbox Accessories Including Batteries from the Date of Purchase","18,290 Ratings "
"₹9,999",,,"Redmi 8A Dual (Midnight Grey, 64 GB)",4.2,"3 GB RAM | 64 GB ROM | Expandable Upto 512 GB,15.8 cm (6.22 inch) HD+ Display,13MP + 2MP | 8MP Front Camera,5000 mAh Lithium Polymer Battery,Qualcomm Snapdragon 439 Processor,1 Year Manufacturer Warranty for Device and 6 Months Manufacturer Warranty for Inbox Accessories Including Batteries from the Date of Purchase","18,290 Ratings "
"₹7,999",,,"Redmi 8A (Sunset Red, 32 GB)",4.4,"2 GB RAM | 32 GB ROM | Expandable Upto 512 GB,15.8 cm (6.22 inch) HD+ Display,12MP Rear Camera | 8MP Front Camera,5000 mAh Battery,Qualcomm Snapdragon 439 Processor,Brand Warranty of 1 Year Available for Mobile and 6 Months for Accessories","1,61,594 Ratings "
"₹8,999",,,"Redmi 6 (Gold, 32 GB)",4.4,"3 GB RAM | 32 GB ROM | Expandable Upto 256 GB,13.84 cm (5.45 inch) HD+ Display,12MP + 5MP | 5MP Front Camera,3000 mAh Lithium-polymer Battery,2.0 GHz Mediatek P22 Octacore Processor,Brand Warranty of 1 Year Available for Mobile and 6 Months for Accessories","5,59,395 Ratings "
"₹22,490",27% off,"₹,30,999","11 Lite NE (Tuscany Coral, 128 GB)",3.7,"6 GB RAM | 128 GB ROM,16.64 cm (6.55 inch) Display,64MP Rear Camera,4250 mAh Battery,1 Year Manufacturer Warranty for Handset and 6 Months Warranty for In the Box Accessories",7 Ratings 
"₹16,999",,,"Redmi Note 5 Pro (Gold, 64 GB)",4.5,"6 GB RAM | 64 GB ROM | Expandable Upto 128 GB,15.21 cm (5.99 inch) Full HD+ Display,12MP + 5MP | 20MP Front Camera,4000 mAh Li Polymer Battery,Qualcomm Snapdragon 636 Processor,Brand Warranty of 1 Year Available for Mobile and 6 Months for Accessories","2,59,756 Ratings "
"₹6,999",,,"Redmi 4A (Gold, 32 GB)",4.4,"3 GB RAM | 32 GB ROM | Expandable Upto 128 GB,12.7 cm (5 inch) HD Display,13MP Rear Camera | 5MP Front Camera,3120 mAh Li-polymer Battery,Qualcomm Snapdragon 425 1.4 GHz Processor,Brand Warranty of 1 Year Available for Mobile and 6 Months for Accessories","2,10,095 Ratings "
"₹37,999",11% off,"₹,42,999","Mi 10T (Cosmic Black, 128 GB)",4.1,"8 GB RAM | 128 GB ROM,16.94 cm (6.67 inch) Full HD+ Display,64MP + 13MP + 5MP | 20MP Front Camera,5000 mAh Li-ion Polymer Battery,Qualcomm Snapdragon 865 Processor,144Hz Intelligent AdaptiveSync Display,33W Dual Split Flash Charge,1 Year Manufacturer Warranty for Device and 6 Months Manufacturer Warranty for In-box Accessories","3,644 Ratings "
"₹10,999",,,"Redmi Note 4 (Gold, 32 GB)",4.4,"3 GB RAM | 32 GB ROM | Expandable Upto 128 GB,13.97 cm (5.5 inch) Full HD Display,13MP Rear Camera | 5MP Front Camera,4100 mAh Li-Polymer Battery,Qualcomm Snapdragon 625 64-bit Octa Core 2GHz Processor,Brand Warranty of 1 Year Available for Mobile and 6 Months for Accessories","6,42,012 Ratings "
"₹5,999",,,"Redmi Go (Black, 16 GB)",4.3,"1 GB RAM | 16 GB ROM | Expandable Upto 128 GB,12.7 cm (5 inch) HD Display,8MP Rear Camera | 5MP Front Camera,3000 mAh Li Polymer Battery,Qualcomm Snapdragon 425 Processor,Brand Warranty of 1 Year Available for Mobile and 6 Months for Accessories","1,67,717 Ratings "
"₹5,999",,,"Redmi Go (Blue, 16 GB)",4.3,"1 GB RAM | 16 GB ROM | Expandable Upto 128 GB,12.7 cm (5 inch) HD Display,8MP Rear Camera | 5MP Front Camera,3000 mAh Li Polymer Battery,Qualcomm Snapdragon 425 Processor,Brand Warranty of 1 Year Available for Mobile and 6 Months for Accessories","1,67,717 Ratings "
"₹21,999",12% off,"₹,24,999","Mi 11 Lite (Jazz Blue, 128 GB)",4.2,"6 GB RAM | 128 GB ROM | Expandable Upto 512 GB,16.64 cm (6.55 inch) Full HD+ Display,64MP + 8MP + 5MP | 16MP Front Camera,4250 mAh Li-Polymer Battery,Qualcomm Snapdragon 732G Processor,1 Year Manufacturer Warranty for Handset and 6 Months Warranty for In the Box Accessories","13,105 Ratings "
"₹36,990",9% off,"₹,40,999","Xiaomi 11T Pro 5G Hyperphone (Meteorite Black, 128 GB)",4,"8 GB RAM | 128 GB ROM,16.94 cm (6.67 inch) Display,108MP Rear Camera,5000 mAh Battery,12 months",512 Ratings 
"₹34,990",34% off,"₹,53,199","Xiaomi 11T Pro 5G Hyperphone (Meteorite Black, 256 GB)",4,"8 GB RAM | 256 GB ROM,16.94 cm (6.67 inch) Display,108MP Rear Camera,5000 mAh Battery,12 months",512 Ratings 
"₹15,999",,,"Redmi Note 6 Pro (Black, 64 GB)",4.5,"4 GB RAM | 64 GB ROM | Expandable Upto 256 GB,15.9 cm (6.26 inch) Full HD+ Display,12MP + 5MP | 20MP + 2MP Dual Front Camera,4000 mAh Li-polymer Battery,Qualcomm Snapdragon 636 Processor,Brand Warranty of 1 Year Available for Mobile and 6 Months for Accessories","6,25,635 Ratings "
"₹7,382",4% off,"₹,7,698","Redmi 9A Sport (Coral Green, 32 GB)",4.2,"3 GB RAM | 32 GB ROM,16.59 cm (6.53 inch) Display,13MP Rear Camera,5000 mAh Battery,1 Year Warranty","6,304 Ratings "
"₹15,699",15% off,"₹,18,482","REDMI Note 11T 5G (Matte black, 64 GB)",4.2,"6 GB RAM | 64 GB ROM,16.76 cm (6.6 inch) Display,50MP Rear Camera,5000 mAh Battery,Octa Core Processor,12 months","5,806 Ratings "
"₹7,950",16% off,"₹,9,499","Redmi 9A (Sea Blue, 32 GB)",4.3,"3 GB RAM | 32 GB ROM | Expandable Upto 512 GB,16.59 cm (6.53 inch) HD+ Display,13MP Rear Camera | 5MP Front Camera,5000 mAh Battery,MediaTek Helio G25 Processor,1 year manufacturer warranty for device and 6 months manufacturer warranty for in-box accessories including batteries from the date of purchase","14,664 Ratings "
"₹18,500",2% off,"₹,18,999","REDMI Note 11 Pro (Stealth Black, 128 GB)",4.2,"6 GB RAM | 128 GB ROM,16.94 cm (6.67 inch) Display,108MP Rear Camera,5000 mAh Battery,12 months","1,219 Ratings "
"₹17,769",3% off,"₹,18,387","REDMI Note 11 Pro (Phantom White, 128 GB)",4.2,"6 GB RAM | 128 GB ROM,16.94 cm (6.67 inch) Display,108MP Rear Camera,5000 mAh Battery,12 Months Warranty","1,219 Ratings "
"₹7,185",15% off,"₹,8,499","Redmi 9A Sport (Carbon Black, 32 GB)",4.2,"3 GB RAM | 32 GB ROM,16.59 cm (6.53 inch) Display,13MP Rear Camera,5000 mAh Battery,1 Year Warranty","6,304 Ratings "
"₹21,900",12% off,"₹,24,999","Redmi Note 11 PRO Plus 5G (Stealth Black, 128 GB)",4.2,"6 GB RAM | 128 GB ROM,16.94 cm (6.67 inch) Display,108MP Rear Camera,5000 mAh Battery,1 Year Manufacturer Warranty for Handset and 6 Months Warranty for In the Box Accessories","5,994 Ratings "
"₹17,490",20% off,"₹,21,999","REDMI Note 11 Pro (Stealth Black, 128 GB)",4.2,"6 GB RAM | 128 GB ROM,16.94 cm (6.67 inch) Display,108MP Rear Camera,5000 mAh Battery,12 Months Warranty","1,219 Ratings "
"₹21,990",26% off,"₹,29,990","Xiaomi 11Lite NE (Vinyl Black, 128 GB)",4.2,"6 GB RAM | 128 GB ROM | Expandable Upto 1 TB,16.64 cm (6.55 inch) Full HD+ Display,64MP + 8MP + 5MP | 20MP Front Camera,4250 mAh Battery,Qualcomm Snapdragon 778G Processor,Brand Warranty of 1 Year Available for Mobile and 6 Months for Accessories","3,390 Ratings "
"₹22,000",13% off,"₹,25,500","Xiaomi 11Lite NE (Diamond Dazzle, 128 GB)",4.3,"8 GB RAM | 128 GB ROM | Expandable Upto 1 TB,16.64 cm (6.55 inch) Full HD+ Display,64MP + 8MP + 5MP | 20MP Front Camera,4250 mAh Battery,Qualcomm Snapdragon 778G Processor,Brand Warranty of 1 Year Available for Mobile and 6 Months for Accessories","1,632 Ratings "
"₹7,489",10% off,"₹,8,328","Redmi 9A (Midnight Black, 32 GB)",4.3,"3 GB RAM | 32 GB ROM | Expandable Upto 512 GB,16.59 cm (6.53 inch) HD+ Display,13MP Rear Camera | 5MP Front Camera,5000 mAh Battery,MediaTek Helio G25 Processor,1 year manufacturer warranty for device and 6 months manufacturer warranty for in-box accessories including batteries from the date of purchase","14,664 Ratings "
"₹7,999",,,"Redmi 9A (Midnight Black, 32 GB)",4.3,"3 GB RAM | 32 GB ROM,16.59 cm (6.53 inch) Display,13MP Rear Camera,5000 mAh Battery,1 Year Manufacturer Warranty for Handset and 6 Months Warranty for In the Box Accessories","14,664 Ratings "
"₹20,876",,,"Redmi Note 11 PRO Plus 5G (Phantom White, 128 GB)",4.2,"6 GB RAM | 128 GB ROM,16.94 cm (6.67 inch) Display,108MP Rear Camera,5000 mAh Battery,1 Year Warranty","5,994 Ratings "
"₹14,990",7% off,"₹,16,264","REDMI Note 11T 5G (Stardust White, 64 GB)",4.2,"6 GB RAM | 64 GB ROM,16.76 cm (6.6 inch) Display,50MP Rear Camera,5000 mAh Battery,Octa Core Processor,12 months","5,806 Ratings "
"₹16,795",,,"REDMI Note 11T 5G (Aquamarine Blue, 64 GB)",4.2,"6 GB RAM | 64 GB ROM,16.76 cm (6.6 inch) Display,50MP Rear Camera,5000 mAh Battery,12 Months Warranty","5,806 Ratings "
"₹17,990",14% off,"₹,20,999","REDMI Note 11T 5G (Stardust White, 128 GB)",4.2,"6 GB RAM | 128 GB ROM,16.76 cm (6.6 inch) Display,50MP Rear Camera,5000 mAh Battery,12 Months Warranty","5,806 Ratings "
"₹26,999",15% off,"₹,31,999","Xiaomi 11i 5G (Pacific Pearl, 128 GB)",4.2,"8 GB RAM | 128 GB ROM | Expandable Upto 1 TB,16.94 cm (6.67 inch) Full HD+ AMOLED Display,108MP Rear Camera | 16MP Front Camera,5160 mAh Li-Polymer Battery,Mediatek Dimensity 920 Processor,1 Year Manufacturer Warranty for Phone and 6 Months Warranty for in the Box Accessories","20,968 Ratings "
"₹16,990",22% off,"₹,21,999","Redmi Note 11S (Space Black, 128 GB)",4.2,"8 GB RAM | 128 GB ROM,16.33 cm (6.43 inch) Display,108MP Rear Camera,5000 mAh Battery,1 Year Warranty",787 Ratings 
"₹24,999",16% off,"₹,29,990","Note 11 PRO Plus 5G (Stealth Black, 256 GB)",3.8,"8 GB RAM | 256 GB ROM,16.94 cm (6.67 inch) Display,108MP Rear Camera,5000 mAh Battery,12 months",11 Ratings 
"₹8,935",14% off,"₹,10,500","Redmi 9 (Carbon Black, 64 GB)",4.2,"4 GB RAM | 64 GB ROM,16.59 cm (6.53 inch) HD+ Display,13MP + 2MP | 5MP Front Camera,5000 mAh Battery,MediaTek Helio G35 Processor,1 year manufacturer warranty for device and 6 months manufacturer warranty for in-box accessories including batteries from the date of purchase","26,948 Ratings "
"₹10,499",,,"Redmi Y2 (Dark Grey, 32 GB)",4.5,"3 GB RAM | 32 GB ROM | Expandable Upto 256 GB,15.21 cm (5.99 inch) HD+ Display,12MP + 5MP | 16MP Front Camera,3080 mAh Li Polymer Battery,Qualcomm Snapdragon 625 Processor,Brand Warranty of 1 Year Available for Mobile and 6 Months for Accessories","1,21,516 Ratings "
"₹19,316",8% off,"₹,21,155","Redmi Note 11 PRO Plus 5G (Stealth Black, 128 GB)",4.2,"6 GB RAM | 128 GB ROM,16.94 cm (6.67 inch) Display,108MP Rear Camera,5000 mAh Battery,12 Months","5,994 Ratings "
"₹21,995",1% off,"₹,22,221","Redmi Note 11 PRO Plus 5G (Phantom White, 128 GB)",4.2,"8 GB RAM | 128 GB ROM,16.94 cm (6.67 inch) Display,108MP Rear Camera,5000 mAh Battery,12 months","2,963 Ratings "
"₹23,990",11% off,"₹,26,990","Mi 11X (Lunar White, 128 GB)",4.2,"8 GB RAM | 128 GB ROM,16.94 cm (6.67 inch) Full HD+ Display,48MP + 8MP + 5MP | 20MP Front Camera,4520 mAh Battery,Qualcomm Snapdragon 870 Processor,1 Year Manufacturer Warranty for Device and 6 Months Manufacturer Warranty for In-box Accessories","2,380 Ratings "
"₹8,299",30% off,"₹,11,999","Redmi 5 (Lake Blue, 64 GB)",4.3,"4 GB RAM | 64 GB ROM | Expandable Upto 128 GB,14.48 cm (5.7 inch) HD Display,12MP Rear Camera | 5MP Front Camera,3300 mAh Battery,1 Year Brand Warranty","4,960 Ratings "
"₹24,808",29% off,"₹,34,999","Mi 11X (Cosmic Black, 128 GB)",4.2,"8 GB RAM | 128 GB ROM,16.94 cm (6.67 inch) Full HD+ Display,48MP + 8MP + 5MP | 20MP Front Camera,4520 mAh Battery,Qualcomm Snapdragon 870 Processor,1 Year Manufacturer Warranty for Device and 6 Months Manufacturer Warranty for In-box Accessories","2,380 Ratings "
"₹10,499",,,"Redmi Y2 (Black, 32 GB)",4.5,"3 GB RAM | 32 GB ROM | Expandable Upto 256 GB,15.21 cm (5.99 inch) HD+ Display,12MP + 5MP | 16MP Front Camera,3080 mAh Li Polymer Battery,Qualcomm Snapdragon 625 Processor,Brand Warranty of 1 Year Available for Mobile and 6 Months for Accessories","1,21,516 Ratings "
"₹10,499",,,"Redmi Y2 (Rose Gold, 32 GB)",4.5,"3 GB RAM | 32 GB ROM | Expandable Upto 256 GB,15.21 cm (5.99 inch) HD+ Display,12MP + 5MP | 16MP Front Camera,3080 mAh Li Polymer Battery,Qualcomm Snapdragon 625 Processor,Brand Warranty of 1 Year Available for Mobile and 6 Months for Accessories","1,21,516 Ratings "
"₹21,999",12% off,"₹,24,999","Mi 11 Lite (Vinyl Black, 128 GB)",4.2,"6 GB RAM | 128 GB ROM | Expandable Upto 512 GB,16.64 cm (6.55 inch) Full HD+ Display,64MP + 8MP + 5MP | 16MP Front Camera,4250 mAh Li-Polymer Battery,Qualcomm Snapdragon 732G Processor,1 Year Manufacturer Warranty for Handset and 6 Months Warranty for In the Box Accessories","13,105 Ratings "
"₹21,999",12% off,"₹,24,999","Mi 11 Lite (Tuscany Coral, 128 GB)",4.2,"6 GB RAM | 128 GB ROM | Expandable Upto 512 GB,16.64 cm (6.55 inch) Full HD+ Display,64MP + 8MP + 5MP | 16MP Front Camera,4250 mAh Li-Polymer Battery,Qualcomm Snapdragon 732G Processor,1 Year Manufacturer Warranty for Handset and 6 Months Warranty for In the Box Accessories","13,105 Ratings "
"₹10,999",,,"Redmi 8 (Onyx Black, 64 GB)",4.4,"4 GB RAM | 64 GB ROM | Expandable Upto 512 GB,15.8 cm (6.22 inch) HD+ Display,12MP + 2MP | 8MP Front Camera,5000 mAh Battery,Qualcomm Snapdragon 439 Processor,Brand Warranty of 1 Year Available for Mobile and 6 Months for Accessories","9,42,883 Ratings "
"₹6,499",,,"Redmi 7A (Matte Black, 16 GB)",4.3,"2 GB RAM | 16 GB ROM | Expandable Upto 256 GB,13.84 cm (5.45 inch) HD+ Display,12MP Rear Camera | 5MP Front Camera,4000 mAh Li-Polymer Battery,Qualcomm Snapdragon 439 Processor,Brand Warranty of 2 Years Available for Mobile and 6 Months for Accessories","3,89,021 Ratings "
"₹10,499",,,"Redmi Y2 (Gold, 32 GB)",4.5,"3 GB RAM | 32 GB ROM | Expandable Upto 256 GB,15.21 cm (5.99 inch) HD+ Display,12MP + 5MP | 16MP Front Camera,3080 mAh Li Polymer Battery,Qualcomm Snapdragon 625 Processor,Brand Warranty of 1 Year Available for Mobile and 6 Months for Accessories","1,21,516 Ratings "
"₹5,599",,,"Redmi 6A (Black, 32 GB)",4.3,"2 GB RAM | 32 GB ROM | Expandable Upto 128 GB,13.84 cm (5.45 inch) HD Display,13MP Rear Camera,3000 mAh Battery,Mediateck Processor,1 Year Manufacturer Warranty","57,208 Ratings "
"₹26,999",20% off,"₹,33,999","Xiaomi 11i Hypercharge 5G (Pacific Pearl, 128 GB)",4.2,"8 GB RAM | 128 GB ROM | Expandable Upto 1 TB,16.94 cm (6.67 inch) Full HD+ AMOLED Display,108MP + 8MP + 2MP | 16MP Front Camera,4500 mAh Li-Polymer Battery,Mediatek Dimensity 920 Processor,1 Year Manufacturer Warranty for Phone and 6 Months Warranty for In the Box Accessories","6,633 Ratings "
"₹13,990",16% off,"₹,16,733","Redmi Note 9 Pro (Aurora Blue, 128 GB)",4.3,"4 GB RAM | 128 GB ROM | Expandable Upto 512 GB,16.94 cm (6.67 inch) Full HD+ Display,48MP + 8MP | 16MP Front Camera,5020 mAh Battery,Qualcomm Snapdragon 720G Processor,1 year manufacturer warranty for device and 6 months manufacturer warranty for in-box accessories","26,796 Ratings "
"₹14,640",,,"Redmi Note 9 Pro (Champagne Gold, 128 GB)",4.3,"4 GB RAM | 128 GB ROM | Expandable Upto 512 GB,16.94 cm (6.67 inch) Full HD+ Display,48MP + 8MP + 5MP + 2MP | 16MP Front Camera,5020 mAh Battery,Qualcomm® Snapdragon™ 720G Processor,1 year manufacturer warranty for device and 6 months manufacturer warranty for in-box accessories","26,796 Ratings "
"₹9,999",,,"Redmi 8A Dual (Sky White, 64 GB)",4.2,"3 GB RAM | 64 GB ROM | Expandable Upto 512 GB,15.8 cm (6.22 inch) HD+ Display,13MP + 2MP | 8MP Front Camera,5000 mAh Lithium Polymer Battery,Qualcomm Snapdragon 439 Processor,1 Year Manufacturer Warranty for Device and 6 Months Manufacturer Warranty for Inbox Accessories Including Batteries from the Date of Purchase","18,290 Ratings "
"₹17,499",,,"Mi A2 (Rose Gold, 64 GB)",4.2,"4 GB RAM | 64 GB ROM,15.21 cm (5.99 inch) Full HD+ Display,20MP + 12MP | 20MP Front Camera,3010 mAh Battery,Qualcomm Snapdragon 660 AIE Processor,Brand Warranty of 1 Year Available for Mobile and 6 Months for Battery and Accessories","34,803 Ratings "
"₹14,450",,,"Redmi Note 9 Pro (Interstellar Black, 64 GB)",4.3,"4 GB RAM | 64 GB ROM | Expandable Upto 512 GB,16.94 cm (6.67 inch) Full HD+ Display,48MP + 8MP + 5MP + 2MP | 16MP Front Camera,5020 mAh Battery,Qualcomm® Snapdragon™ 720G Processor,1 year manufacturer warranty for device and 6 months manufacturer warranty for in-box accessories","26,796 Ratings "
"₹13,690",,,"Redmi Note 9 Pro (Champagne Gold, 64 GB)",4.3,"4 GB RAM | 64 GB ROM,16.94 cm (6.67 inch) Full HD+ Display,48MP + 48MP + 8MP + 5MP + 2MP | 16MP Dual Front Camera,5020 mAh Battery,Qualcomm® Snapdragon™ 720G Processor,1 Year","26,796 Ratings "
"₹11,999",,,"Redmi Note 7S (Sapphire Blue, 32 GB)",4.4,"3 GB RAM | 32 GB ROM | Expandable Upto 256 GB,16.0 cm (6.3 inch) Full HD+ Display,48MP + 5MP | 13MP Front Camera,4000 mAh Battery,Qualcomm Snapdragon 660 AIE Processor,Splash Proof - Protected by P2i,Quick Charge 4.0 Support,Brand Warranty of 1 Year Available for Mobile and 6 Months for Accessories","3,04,998 Ratings "
"₹34,999",,,"Mi 11X Pro 5G (Celestial Silver, 256 GB)",4,"8 GB RAM | 256 GB ROM,16.94 cm (6.67 inch) Full HD+ Display,108MP + 8MP + 5MP | 20MP Front Camera,4520 mAh Battery,Qualcomm Snapdragon 888 Processor,1 Year Manufacturer Warranty for Device and 6 Months Manufacturer Warranty for In-box Accessories",450 Ratings 
"₹23,990",29% off,"₹,33,999","MI 11X 5G (CELESTIAL SILVER, 128 GB)",4.2,"6 GB RAM | 128 GB ROM,16.94 cm (6.67 inch) Display,48MP Rear Camera,4520 mAh Battery,1 YEAR",309 Ratings 
"₹24,999",,,"Redmi K20 (Flame Red, 128 GB)",4.5,"6 GB RAM | 128 GB ROM,16.23 cm (6.39 inch) Full HD+ Display,48MP + 13MP + 8MP | 20MP Front Camera,4000 mAh Li-polymer Battery,Qualcomm Snapdragon 730 Processor,Brand Warranty of 1 Year Available for Mobile and 6 Months for Accessories","51,360 Ratings "
"₹24,000",3% off,"₹,24,986","Redmi Note 11 PRO Plus 5G (Mirage Blue, 256 GB)",4.2,"8 GB RAM | 256 GB ROM,16.94 cm (6.67 inch) Display,108MP Rear Camera,5000 mAh Battery,12 Months Warranty","2,963 Ratings "
"₹19,990",12% off,"₹,22,975","Redmi Note 11 PRO Plus 5G (Phantom White, 128 GB)",4.2,"8 GB RAM | 128 GB ROM,16.94 cm (6.67 inch) Display,108MP Rear Camera,5000 mAh Battery,12 months","2,963 Ratings "
"₹9,990",28% off,"₹,13,990","Redmi 9 (Sky Blue, 128 GB)",4.2,"4 GB RAM | 128 GB ROM,16.59 cm (6.53 inch) HD+ Display,13MP + 8MP | 5MP Front Camera,5000 mAh Battery,MediaTek Helio G35 Processor,1 year manufacturer warranty for device and 6 months manufacturer warranty for in-box accessories including batteries from the date of purchase","26,948 Ratings "
"₹17,999",,,"Redmi Note 6 Pro (Rose Gold, 64 GB)",4.5,"6 GB RAM | 64 GB ROM | Expandable Upto 256 GB,15.9 cm (6.26 inch) Full HD+ Display,12MP + 5MP | 20MP + 2MP Dual Front Camera,4000 mAh Li-polymer Battery,Qualcomm Snapdragon 636 Processor,Brand Warranty of 1 Year Available for Mobile and 6 Months for Accessories","1,27,525 Ratings "
"₹15,999",,,"Redmi Note 6 Pro (Red, 64 GB)",4.5,"4 GB RAM | 64 GB ROM | Expandable Upto 256 GB,15.9 cm (6.26 inch) Full HD+ Display,12MP + 5MP | 20MP + 2MP Dual Front Camera,4000 mAh Li-polymer Battery,Qualcomm Snapdragon 636 Processor,Brand Warranty of 1 Year Available for Mobile and 6 Months for Accessories","6,25,635 Ratings "
"₹17,999",,,"Redmi Note 6 Pro (Red, 64 GB)",4.5,"6 GB RAM | 64 GB ROM | Expandable Upto 256 GB,15.9 cm (6.26 inch) Full HD+ Display,12MP + 5MP | 20MP + 2MP Dual Front Camera,4000 mAh Li-polymer Battery,Qualcomm Snapdragon 636 Processor,Brand Warranty of 1 Year Available for Mobile and 6 Months for Accessories","1,27,525 Ratings "
"₹15,999",,,"Redmi Note 7 Pro (Blue, 64 GB)",4.5,"4 GB RAM | 64 GB ROM | Expandable Upto 256 GB,16.0 cm (6.3 inch) Full HD+ Display,48MP + 5MP | 13MP Front Camera,4000 mAh Li-polymer Battery,Qualcomm Snapdragon 675 Processor,Splash Proof - Protected by P2i,Quick Charge 4.0 Support,Brand Warranty of 1 Year Available for Mobile and 6 Months for Accessories","8,50,713 Ratings "
"₹15,999",,,"Redmi Note 7 Pro (Nebula Red, 64 GB)",4.5,"4 GB RAM | 64 GB ROM | Expandable Upto 256 GB,16.0 cm (6.3 inch) Full HD+ Display,48MP + 5MP | 13MP Front Camera,4000 mAh Li-polymer Battery,Qualcomm Snapdragon 675 Processor,Splash Proof - Protected by P2i,Quick Charge 4.0 Support,Brand Warranty of 1 Year Available for Mobile and 6 Months for Accessories","8,50,713 Ratings "
"₹14,999",,,"Redmi Note 7 (Ruby Red, 64 GB)",4.5,"4 GB RAM | 64 GB ROM | Expandable Upto 256 GB,16.0 cm (6.3 inch) Full HD+ Display,12MP + 2MP | 13MP Front Camera,4000 mAh Li-polymer Battery,Qualcomm Snapdragon 660 AIE Processor,Splash Proof - Protected by P2i,Quick Charge 4.0 Support,Brand Warranty of 1 Year Available for Mobile and 6 Months for Accessories","1,78,617 Ratings "
"₹24,999",21% off,"₹,31,999","Xiaomi 11i Hypercharge 5G (Stealth Black, 128 GB)",4.2,"6 GB RAM | 128 GB ROM | Expandable Upto 1 TB,16.94 cm (6.67 inch) Full HD+ AMOLED Display,108MP + 8MP + 2MP | 16MP Front Camera,4500 mAh Li-Polymer Battery,Mediatek Dimensity 920 Processor,1 Year Manufacturer Warranty for Phone and 6 Months Warranty for In the Box Accessories","11,163 Ratings "
"₹14,999",,,"Redmi Note 7 (Sapphire Blue, 64 GB)",4.5,"4 GB RAM | 64 GB ROM | Expandable Upto 256 GB,16.0 cm (6.3 inch) Full HD+ Display,12MP + 2MP | 13MP Front Camera,4000 mAh Li-polymer Battery,Qualcomm Snapdragon 660 AIE Processor,Splash Proof - Protected by P2i,Quick Charge 4.0 Support,Brand Warranty of 1 Year Available for Mobile and 6 Months for Accessories","1,78,617 Ratings "
"₹13,999",,,"Redmi Note 7S (Onyx Black, 64 GB)",4.4,"4 GB RAM | 64 GB ROM | Expandable Upto 256 GB,16.0 cm (6.3 inch) Full HD+ Display,48MP + 5MP | 13MP Front Camera,4000 mAh Battery,Qualcomm Snapdragon 660 AIE Processor,Splash Proof - Protected by P2i,Quick Charge 4.0 Support,Brand Warranty of 1 Year Available for Mobile and 6 Months for Accessories","4,22,245 Ratings "
"₹8,999",,,"Redmi 6 (Rose Gold, 32 GB)",4.4,"3 GB RAM | 32 GB ROM | Expandable Upto 256 GB,13.84 cm (5.45 inch) HD+ Display,12MP + 5MP | 5MP Front Camera,3000 mAh Lithium-polymer Battery,2.0 GHz Mediatek P22 Octacore Processor,Brand Warranty of 1 Year Available for Mobile and 6 Months for Accessories","5,59,395 Ratings "
"₹17,499",,,"Mi A2 (Gold, 64 GB)",4.2,"4 GB RAM | 64 GB ROM,15.21 cm (5.99 inch) Full HD+ Display,20MP + 12MP | 20MP Front Camera,3010 mAh Battery,Qualcomm Snapdragon 660 AIE Processor,Brand Warranty of 1 Year Available for Mobile and 6 Months for Battery and Accessories","34,803 Ratings "
"₹11,999",,,"Redmi Note 7S (Onyx Black, 32 GB)",4.4,"3 GB RAM | 32 GB ROM | Expandable Upto 256 GB,16.0 cm (6.3 inch) Full HD+ Display,48MP + 5MP | 13MP Front Camera,4000 mAh Battery,Qualcomm Snapdragon 660 AIE Processor,Splash Proof - Protected by P2i,Quick Charge 4.0 Support,Brand Warranty of 1 Year Available for Mobile and 6 Months for Accessories","3,04,998 Ratings "
"₹6,499",,,"Redmi 7A (Matte Blue, 16 GB)",4.3,"2 GB RAM | 16 GB ROM | Expandable Upto 256 GB,13.84 cm (5.45 inch) HD+ Display,12MP Rear Camera | 5MP Front Camera,4000 mAh Li-Polymer Battery,Qualcomm Snapdragon 439 Processor,Brand Warranty of 2 Years Available for Mobile and 6 Months for Accessories","3,89,021 Ratings "
"₹8,999",,,"Redmi 8A Dual (Midnight Grey, 32 GB)",4.2,"3 GB RAM | 32 GB ROM | Expandable Upto 512 GB,15.8 cm (6.22 inch) HD+ Display,13MP + 2MP | 8MP Front Camera,5000 mAh Lithium Polymer Battery,Qualcomm Snapdragon 439 Processor,1 Year Manufacturer Warranty for Device and 6 Months Manufacturer Warranty for Inbox Accessories Including Batteries from the Date of Purchase","18,290 Ratings "
"₹26,999",15% off,"₹,31,999","Xiaomi 11i 5G (Purple Mist, 128 GB)",4.2,"8 GB RAM | 128 GB ROM | Expandable Upto 1 TB,16.94 cm (6.67 inch) Full HD+ AMOLED Display,108MP Rear Camera | 16MP Front Camera,5160 mAh Li-Polymer Battery,Mediatek Dimensity 920 Processor,1 Year Manufacturer Warranty for Phone and 6 Months Warranty for in the Box Accessories","20,968 Ratings "
"₹12,749",1% off,"₹,12,999","Redmi Note 4 (Black, 64 GB)",4.4,"4 GB RAM | 64 GB ROM | Expandable Upto 128 GB,13.97 cm (5.5 inch) Full HD Display,13MP Rear Camera | 5MP Front Camera,4100 mAh Li-Polymer Battery,Qualcomm Snapdragon 625 64-bit Octa Core 2GHz Processor,Brand Warranty of 1 Year Available for Mobile and 6 Months for Accessories","13,41,547 Ratings "
"₹16,999",,,"Redmi Note 7 Pro (Space Black, 128 GB)",4.5,"6 GB RAM | 128 GB ROM | Expandable Upto 256 GB,16.0 cm (6.3 inch) Full HD+ Display,48MP + 5MP | 13MP Front Camera,4000 mAh Li-polymer Battery,Qualcomm Snapdragon 675 Processor,Splash Proof - Protected by P2i,Quick Charge 4.0 Support,Brand Warranty of 1 Year Available for Mobile and 6 Months for Accessories","3,20,557 Ratings "
"₹5,999",,,"Redmi Go (Blue, 8 GB)",4.3,"1 GB RAM | 8 GB ROM | Expandable Upto 128 GB,12.7 cm (5 inch) HD Display,8MP Rear Camera | 5MP Front Camera,3000 mAh Li Polymer Battery,Qualcomm Snapdragon 425 Processor,Brand Warranty of 1 Year Available for Mobile and 6 Months for Accessories","1,67,717 Ratings "
"₹37,999",11% off,"₹,42,999","Mi 10T (Lunar Silver, 128 GB)",4.1,"8 GB RAM | 128 GB ROM,16.94 cm (6.67 inch) Full HD+ Display,64MP + 13MP + 5MP | 20MP Front Camera,5000 mAh Li-ion Polymer Battery,Qualcomm Snapdragon 865 Processor,144Hz Intelligent AdaptiveSync Display,33W Dual Split Flash Charge,1 Year Manufacturer Warranty for Device and 6 Months Manufacturer Warranty for In-box Accessories","3,644 Ratings "
"₹6,999",,,"Redmi 4A (Dark Grey, 32 GB)",4.4,"3 GB RAM | 32 GB ROM | Expandable Upto 128 GB,12.7 cm (5 inch) HD Display,13MP Rear Camera | 5MP Front Camera,3120 mAh Li-polymer Battery,Qualcomm Snapdragon 425 1.4 GHz Processor,Brand Warranty of 1 Year Available for Mobile and 6 Months for Accessories","2,10,095 Ratings "
"₹16,999",,,"Redmi Note 5 Pro (Black, 64 GB)",4.5,"6 GB RAM | 64 GB ROM | Expandable Upto 128 GB,15.21 cm (5.99 inch) Full HD+ Display,12MP + 5MP | 20MP Front Camera,4000 mAh Li Polymer Battery,Qualcomm Snapdragon 636 Processor,Brand Warranty of 1 Year Available for Mobile and 6 Months for Accessories","2,59,756 Ratings "
"₹24,999",21% off,"₹,31,999","Xiaomi 11i Hypercharge 5G (Purple Mist, 128 GB)",4.2,"6 GB RAM | 128 GB ROM | Expandable Upto 1 TB,16.94 cm (6.67 inch) Full HD+ AMOLED Display,108MP + 8MP + 2MP | 16MP Front Camera,4500 mAh Li-Polymer Battery,Mediatek Dimensity 920 Processor,1 Year Manufacturer Warranty for Phone and 6 Months Warranty for In the Box Accessories","11,163 Ratings "
"₹10,499",,,"Redmi 6 (Rose Gold, 64 GB)",4.4,"3 GB RAM | 64 GB ROM | Expandable Upto 256 GB,13.84 cm (5.45 inch) HD+ Display,12MP + 5MP | 5MP Front Camera,3000 mAh Lithium-polymer Battery,2.0 GHz Mediatek P22 Octacore Processor,Brand Warranty of 1 Year Available for Mobile and 6 Months for Accessories","5,59,395 Ratings "
"₹8,999",,,"Redmi 3S Prime (Gold, 32 GB)",4.3,"3 GB RAM | 32 GB ROM | Expandable Upto 128 GB,12.7 cm (5 inch) HD Display,13MP Rear Camera | 5MP Front Camera,4100 mAh Li-Ion Polymer Battery,Qualcomm Snapdragon 430 64-bit Octa Core 1.4GHz Processor,Brand Warranty of 1 Year Available for Mobile and 6 Months for Accessories","4,75,779 Ratings "
"₹12,999",,,"Redmi Note 8 (Space Black, 64 GB)",4.4,"4 GB RAM | 64 GB ROM | Expandable Upto 512 GB,16.0 cm (6.3 inch) Full HD+ Display,48MP + 8MP + 2MP + 2MP | 13MP Front Camera,4000 mAh Lithium Polymer Battery,Qualcomm Snapdragon 665 Processor,1 Year Manufacturer Warranty for Device and 6 Months Manufacturer Warranty for Inbox Accessories Including Batteries from the Date of Purchase","56,005 Ratings "
"₹10,999",,,"Redmi 8 (Emerald Green, 64 GB)",4.4,"4 GB RAM | 64 GB ROM | Expandable Upto 512 GB,15.8 cm (6.22 inch) HD+ Display,12MP + 2MP | 8MP Front Camera,5000 mAh Battery,Qualcomm Snapdragon 439 Processor,Brand Warranty of 1 Year Available for Mobile and 6 Months for Accessories","9,42,883 Ratings "
"₹24,109",24% off,"₹,31,999","Xiaomi 11Lite NE (Diamond Dazzle, 128 GB)",4.2,"6 GB RAM | 128 GB ROM,16.64 cm (6.55 inch) Display,64MP Rear Camera,4250 mAh Battery,1 Year Warranty","3,390 Ratings "
"₹12,999",,,"Redmi Note 8 (Neptune Blue, 64 GB)",4.4,"4 GB RAM | 64 GB ROM | Expandable Upto 512 GB,16.0 cm (6.3 inch) Full HD+ Display,48MP + 8MP + 2MP + 2MP | 13MP Front Camera,4000 mAh Lithium Polymer Battery,Qualcomm Snapdragon 665 Processor,1 Year Manufacturer Warranty for Device and 6 Months Manufacturer Warranty for Inbox Accessories Including Batteries from the Date of Purchase","56,005 Ratings "
"₹13,999",6% off,"₹,14,999","Redmi Note 7 (Onyx Black, 64 GB)",4.5,"4 GB RAM | 64 GB ROM | Expandable Upto 256 GB,16.0 cm (6.3 inch) Full HD+ Display,12MP + 2MP | 13MP Front Camera,4000 mAh Li-polymer Battery,Qualcomm Snapdragon 660 AIE Processor,Splash Proof - Protected by P2i,Quick Charge 4.0 Support,Brand Warranty of 1 Year Available for Mobile and 6 Months for Accessories","1,78,617 Ratings "
"₹10,649",3% off,"₹,10,999","Redmi Note 4 (Black, 32 GB)",4.4,"3 GB RAM | 32 GB ROM | Expandable Upto 128 GB,13.97 cm (5.5 inch) Full HD Display,13MP Rear Camera | 5MP Front Camera,4100 mAh Li-Polymer Battery,Qualcomm Snapdragon 625 64-bit Octa Core 2GHz Processor,Brand Warranty of 1 Year Available for Mobile and 6 Months for Accessories","6,42,012 Ratings "
"₹17,499",,,"Mi A3 (More Than White, 128 GB)",4.2,"6 GB RAM | 128 GB ROM | Expandable Upto 256 GB,15.44 cm (6.08 inch) HD+ Display,48MP + 8MP + 2MP | 32MP Front Camera,4030 mAh Battery,Qualcomm Snapdragon 665 Processor,Brand Warranty of 1 Year Available for Mobile and 6 Months for Accessories","15,226 Ratings "
"₹5,999",7% off,"₹,6,499","Redmi 5A (Grey, 16 GB)",4.5,"2 GB RAM | 16 GB ROM | Expandable Upto 128 GB,12.7 cm (5 inch) HD Display,13MP Rear Camera | 5MP Front Camera,3000 mAh Li-polymer Battery,Qualcomm Snapdragon 425 Processor,Brand Warranty of 1 Year Available for Mobile and 6 Months for Accessories","12,32,696 Ratings "
"₹6,999",,,"Redmi 5A (Rose Gold, 32 GB)",4.4,"3 GB RAM | 32 GB ROM | Expandable Upto 128 GB,12.7 cm (5 inch) HD Display,13MP Rear Camera | 5MP Front Camera,3000 mAh Li-polymer Battery,Qualcomm Snapdragon 425 Processor,Brand Warranty of 1 Year Available for Mobile and 6 Months for Accessories","6,06,421 Ratings "
"₹5,999",,,"Redmi 5A (Gold, 16 GB)",4.5,"2 GB RAM | 16 GB ROM | Expandable Upto 128 GB,12.7 cm (5 inch) HD Display,13MP Rear Camera | 5MP Front Camera,3000 mAh Li-polymer Battery,Qualcomm Snapdragon 425 Processor,Brand Warranty of 1 Year Available for Mobile and 6 Months for Accessories","12,32,696 Ratings "
"₹6,999",,,"Redmi 5A (Grey, 32 GB)",4.4,"3 GB RAM | 32 GB ROM | Expandable Upto 128 GB,12.7 cm (5 inch) HD Display,13MP Rear Camera | 5MP Front Camera,3000 mAh Li-polymer Battery,Qualcomm Snapdragon 425 Processor,Brand Warranty of 1 Year Available for Mobile and 6 Months for Accessories","6,06,421 Ratings "
"₹5,999",,,"Redmi 5A (Blue, 16 GB)",4.5,"2 GB RAM | 16 GB ROM | Expandable Upto 128 GB,12.7 cm (5 inch) HD Display,13MP Rear Camera | 5MP Front Camera,3000 mAh Li-polymer Battery,Qualcomm Snapdragon 425 Processor,Brand Warranty of 1 Year Available for Mobile and 6 Months for Accessories","12,32,696 Ratings "
"₹6,999",,,"Redmi 5A (Gold, 32 GB)",4.4,"3 GB RAM | 32 GB ROM | Expandable Upto 128 GB,12.7 cm (5 inch) HD Display,13MP Rear Camera | 5MP Front Camera,3000 mAh Li-polymer Battery,Qualcomm Snapdragon 425 Processor,Brand Warranty of 1 Year Available for Mobile and 6 Months for Accessories","6,06,421 Ratings "
"₹12,999",,,"Redmi Note 8 (Cosmic Purple, 64 GB)",4.4,"4 GB RAM | 64 GB ROM | Expandable Upto 512 GB,16.0 cm (6.3 inch) Full HD+ Display,48MP + 8MP + 2MP + 2MP | 13MP Front Camera,4000 mAh Lithium Polymer Battery,Qualcomm Snapdragon 665 Processor,1 Year Manufacturer Warranty for Device and 6 Months Manufacturer Warranty for Inbox Accessories Including Batteries from the Date of Purchase","56,005 Ratings "
"₹26,999",,,"Xiaomi 11Lite NE (Jazz Blue, 128 GB)",4.3,"8 GB RAM | 128 GB ROM | Expandable Upto 1 TB,16.64 cm (6.55 inch) Full HD+ Display,64MP + 8MP + 5MP | 20MP Front Camera,4250 mAh Battery,Qualcomm Snapdragon 778G Processor,Brand Warranty of 1 Year Available for Mobile and 6 Months for Accessories","1,632 Ratings "
"₹26,990",10% off,"₹,29,999","Mi 11X (Cosmic Black, 128 GB)",4.2,"8 GB RAM | 128 GB ROM,16.94 cm (6.67 inch) Display,48MP Rear Camera,4520 mAh Battery,1 Year Manufacturer Warranty for Handset and 6 Months Warranty for In the Box Accessories","2,380 Ratings "
"₹16,999",,,"Redmi Note 7 Pro (Space Black, 64 GB)",4.5,"6 GB RAM | 64 GB ROM | Expandable Upto 256 GB,16.0 cm (6.3 inch) Full HD+ Display,48MP + 5MP | 13MP Front Camera,4000 mAh Li-polymer Battery,Qualcomm Snapdragon 675 Processor,Splash Proof - Protected by P2i,Quick Charge 4.0 Support,Brand Warranty of 1 Year Available for Mobile and 6 Months for Accessories","3,20,557 Ratings "
"₹12,890",14% off,"₹,14,999","Redmi 10 Prime (Phantom Black, 64 GB)",4,"4 GB RAM | 64 GB ROM,16.51 cm (6.5 inch) Display,8MP Rear Camera,6000 mAh Battery,1 Year Manufacturer Warranty for Handset and 6 Months Warranty for In the Box Accessories",52 Ratings 
"₹15,999",,,"Redmi Note 6 Pro (Rose Gold, 64 GB)",4.5,"4 GB RAM | 64 GB ROM | Expandable Upto 256 GB,15.9 cm (6.26 inch) Full HD+ Display,12MP + 5MP | 20MP + 2MP Dual Front Camera,4000 mAh Li-polymer Battery,Qualcomm Snapdragon 636 Processor,0 year manufacturer warranty for device and 6 months manufacturer warranty for in-box accessories including batteries from the date of purchase","6,25,635 Ratings "
"₹8,999",,,"Redmi 6 (Blue, 32 GB)",4.4,"3 GB RAM | 32 GB ROM | Expandable Upto 256 GB,13.84 cm (5.45 inch) HD+ Display,12MP + 5MP | 5MP Front Camera,3000 mAh Lithium-polymer Battery,2.0 GHz Mediatek P22 Octacore Processor,Brand Warranty of 1 Year Available for Mobile and 6 Months for Accessories","5,59,395 Ratings "
"₹22,999",,,"Redmi K20 (Carbon Black, 64 GB)",4.5,"6 GB RAM | 64 GB ROM,16.23 cm (6.39 inch) Full HD+ Display,48MP + 13MP + 8MP | 20MP Front Camera,4000 mAh Li-polymer Battery,Qualcomm Snapdragon 730 Processor,Brand Warranty of 1 Year Available for Mobile and 6 Months for Accessories","51,360 Ratings "
"₹16,999",,,"Redmi Note 7 Pro (Neptune Blue, 64 GB)",4.5,"6 GB RAM | 64 GB ROM | Expandable Upto 256 GB,16.0 cm (6.3 inch) Full HD+ Display,48MP + 5MP | 13MP Front Camera,4000 mAh Li-polymer Battery,Qualcomm Snapdragon 675 Processor,Splash Proof - Protected by P2i,Quick Charge 4.0 Support,Brand Warranty of 1 Year Available for Mobile and 6 Months for Accessories","3,20,557 Ratings "
"₹20,325",18% off,"₹,24,999","REDMI Note 11 Pro (Phantom White, 128 GB)",4.1,"8 GB RAM | 128 GB ROM,16.94 cm (6.67 inch) Display,108MP Rear Camera,5000 mAh Battery,12 Months Warranty",706 Ratings 
"₹8,999",,,"Redmi 6 (Black, 32 GB)",4.4,"3 GB RAM | 32 GB ROM | Expandable Upto 256 GB,13.84 cm (5.45 inch) HD+ Display,12MP + 5MP | 5MP Front Camera,3000 mAh Lithium-polymer Battery,2.0 GHz Mediatek P22 Octacore Processor,Brand Warranty of 1 Year Available for Mobile and 6 Months for Accessories","5,59,395 Ratings "
"₹28,999",,,"Redmi K20 Pro (Flame Red, 128 GB)",4.5,"6 GB RAM | 128 GB ROM,16.23 cm (6.39 inch) Full HD+ Display,48MP + 13MP + 8MP | 20MP Front Camera,4000 mAh Li-polymer Battery,Qualcomm Snapdragon 855 Processor,Brand Warranty of 1 Year Available for Mobile and 6 Months for Accessories","83,330 Ratings "
"₹19,095",16% off,"₹,22,999","REDMI Note 11T 5G (Matte black, 128 GB)",4.3,"8 GB RAM | 128 GB ROM,16.76 cm (6.6 inch) Display,50MP Rear Camera,5000 mAh Battery,12 Months Warranty","3,119 Ratings "
"₹7,999",,,"Redmi 8A (Ocean Blue, 32 GB)",4.4,"2 GB RAM | 32 GB ROM | Expandable Upto 512 GB,15.8 cm (6.22 inch) HD+ Display,12MP Rear Camera | 8MP Front Camera,5000 mAh Battery,Qualcomm Snapdragon 439 Processor,Brand Warranty of 1 Year Available for Mobile and 6 Months for Accessories","1,61,594 Ratings "
"₹7,999",,,"Redmi 8A (Midnight Black, 32 GB)",4.4,"2 GB RAM | 32 GB ROM | Expandable Upto 512 GB,15.8 cm (6.22 inch) HD+ Display,12MP Rear Camera | 8MP Front Camera,5000 mAh Battery,Qualcomm Snapdragon 439 Processor,Brand Warranty of 1 Year Available for Mobile and 6 Months for Accessories","1,61,594 Ratings "
"₹14,999",,,"Redmi Note 5 Pro (Black, 64 GB)",4.5,"4 GB RAM | 64 GB ROM | Expandable Upto 128 GB,15.21 cm (5.99 inch) Full HD+ Display,12MP + 5MP | 20MP Front Camera,4000 mAh Li Polymer Battery,Qualcomm Snapdragon 636 Processor,Brand Warranty of 1 Year Available for Mobile and 6 Months for Accessories","11,71,652 Ratings "
"₹39,999",27% off,"₹,54,999","Xiaomi 11T Pro 5G Hyperphone (Celestial Magic, 256 GB)",4.2,"12 GB RAM | 256 GB ROM,16.94 cm (6.67 inch) Display,108MP Rear Camera,5000 mAh Battery,12 months",185 Ratings 
"₹29,990",25% off,"₹,39,999","Mi 11X Pro 5G (Lunar White, 128 GB)",4,"8 GB RAM | 128 GB ROM,16.94 cm (6.67 inch) Full HD+ Display,108MP + 8MP + 5MP | 20MP Front Camera,4520 mAh Battery,Qualcomm Snapdragon 888 Processor,1 Year Manufacturer Warranty for Device and 6 Months Manufacturer Warranty for In-box Accessories",450 Ratings 
"₹29,999",37% off,"₹,47,999","Mi 11X Pro 5G (Cosmic Black, 128 GB)",4,"8 GB RAM | 128 GB ROM,16.94 cm (6.67 inch) Full HD+ Display,108MP + 8MP + 5MP | 20MP Front Camera,4520 mAh Battery,Qualcomm Snapdragon 888 Processor,1 Year Manufacturer Warranty for Device and 6 Months Manufacturer Warranty for In-box Accessories",450 Ratings 
"₹6,499",,,"Redmi 7A (Matte Gold, 16 GB)",4.3,"2 GB RAM | 16 GB ROM | Expandable Upto 256 GB,13.84 cm (5.45 inch) HD+ Display,12MP Rear Camera | 5MP Front Camera,4000 mAh Li-Polymer Battery,Qualcomm Snapdragon 439 Processor,Brand Warranty of 2 Years Available for Mobile and 6 Months for Accessories","3,89,021 Ratings "
"₹6,790",,,"Redmi 6A (Rose Gold, 32 GB)",4.3,"2 GB RAM | 32 GB ROM | Expandable Upto 128 GB,13.84 cm (5.45 inch) HD Display,13MP Rear Camera,3000 mAh Battery,Mediateck Processor,1 Year Manufacturer Warranty","57,208 Ratings "
"₹26,999",20% off,"₹,33,999","Xiaomi 11i Hypercharge 5G (Purple Mist, 128 GB)",4.2,"8 GB RAM | 128 GB ROM | Expandable Upto 1 TB,16.94 cm (6.67 inch) Full HD+ AMOLED Display,108MP + 8MP + 2MP | 16MP Front Camera,4500 mAh Li-Polymer Battery,Mediatek Dimensity 920 Processor,1 Year Manufacturer Warranty for Phone and 6 Months Warranty for In the Box Accessories","6,633 Ratings "
"₹24,490",14% off,"₹,28,700","Mi 11X (Celestial Silver, 128 GB)",4.2,"6 GB RAM | 128 GB ROM,16.94 cm (6.67 inch) Full HD+ Display,48MP + 8MP + 5MP | 20MP Front Camera,4520 mAh Battery,Qualcomm Snapdragon 870 Processor,1 Year Manufacturer Warranty for Device and 6 Months Manufacturer Warranty for In-box Accessories","2,815 Ratings "
"₹17,999",,,"Redmi Note 7 Pro (Moonlight White, 128 GB)",4.5,"6 GB RAM | 128 GB ROM | Expandable Upto 256 GB,16.0 cm (6.3 inch) Full HD+ Display,48MP + 5MP | 13MP Front Camera,4000 mAh Li-polymer Battery,Qualcomm Snapdragon 675 Processor,Quick Charge 4.0 Support,Brand Warranty of 1 Year Available for Mobile and 6 Months for Accessories","3,20,557 Ratings "
"₹16,999",,,"MI3 (Metallic Grey, 16 GB)",4.4,"2 GB RAM | 16 GB ROM,12.7 cm (5 inch) Full HD Display,13MP Rear Camera | 2MP Front Camera,3050 mAh Li-Ion Battery,qualcomm Qualcomm Snapdragon 800 8274AB Quad Core 2.3GHz Processor,1 Year for Mobile & 6 Months for Accessories","15,244 Ratings "
"₹15,999",,,"Redmi Note 8 (Space Black, 128 GB)",4.4,"6 GB RAM | 128 GB ROM | Expandable Upto 512 GB,16.0 cm (6.3 inch) Full HD+ Display,48MP + 8MP + 2MP + 2MP | 13MP Front Camera,4000 mAh Lithium Polymer Battery,Qualcomm Snapdragon 665 Processor,1 Year Manufacturer Warranty for Device and 6 Months Manufacturer Warranty for Inbox Accessories Including Batteries from the Date of Purchase","14,405 Ratings "
"₹11,990",,,"Redmi 5 (Black, 64 GB)",4.3,"4 GB RAM | 64 GB ROM | Expandable Upto 128 GB,14.48 cm (5.7 inch) HD+ Display,12MP Rear Camera | 5MP Front Camera,3300 mAh Battery,Qualcomm Snapdragon 450 Processor,Brand Warranty of 1 Year Available for Mobile and 6 Months for Accessories","4,960 Ratings "
"₹16,990",5% off,"₹,17,999","Redmi Note 9 Pro (Glacier White, 128 GB)",4.3,"4 GB RAM | 128 GB ROM | Expandable Upto 512 GB,16.94 cm (6.67 inch) Full HD+ Display,48MP + 8MP + 5MP + 2MP | 16MP Front Camera,5020 mAh Battery,Qualcomm® Snapdragon™ 720G Processor,1 year manufacturer warranty for device and 6 months manufacturer warranty for in-box accessories","26,796 Ratings "
"₹7,490",5% off,"₹,7,949","Redmi 5 (Black, 16 GB)",4.3,"2 GB RAM | 16 GB ROM | Expandable Upto 128 GB,14.48 cm (5.7 inch) HD+ Display,12MP Rear Camera | 5MP Front Camera,3300 mAh Battery,Qualcomm Snapdragon 450 Processor,Brand Warranty of 1 Year Available for Mobile and 6 Months for Accessories","4,310 Ratings "
"₹15,990",20% off,"₹,19,999","Redmi Note 9 Pro (Aurora Blue, 128 GB)",4.3,"6 GB RAM | 128 GB ROM | Expandable Upto 512 GB,16.94 cm (6.67 inch) Full HD+ Display,48MP + 8MP + 5MP + 2MP | 16MP Front Camera,5020 mAh Battery,Qualcomm® Snapdragon™ 720G Processor,1 year manufacturer warranty for device and 6 months manufacturer warranty for in-box accessories","1,959 Ratings "
"₹7,299",3% off,"₹,7,599","Redmi 9A (Nature Green, 32 GB)",4.3,"2 GB RAM | 32 GB ROM,16.59 cm (6.53 inch) Full HD+ Display,13MP Rear Camera,5000 mAh Battery,1 Year  Manufacturer Warranty","21,567 Ratings "
"₹26,999",15% off,"₹,31,999","Xiaomi 11i 5G (Camo Green, 128 GB)",4.2,"8 GB RAM | 128 GB ROM | Expandable Upto 1 TB,16.94 cm (6.67 inch) Full HD+ AMOLED Display,108MP Rear Camera | 16MP Front Camera,5160 mAh Li-Polymer Battery,Mediatek Dimensity 920 Processor,1 Year Manufacturer Warranty for Phone and 6 Months Warranty for in the Box Accessories","20,968 Ratings "
"₹6,399",,,"Redmi 6A (Black, 16 GB)",4.3,"2 GB RAM | 16 GB ROM | Expandable Upto 128 GB,13.84 cm (5.45 inch) Display,13MP Rear Camera | 5MP Front Camera,3000 mAh Battery,1 Year Manufacturer Warranty","57,208 Ratings "
"₹10,450",4% off,"₹,10,999","Redmi 9 (Sky Blue, 64 GB)",4.2,"4 GB RAM | 64 GB ROM,16.59 cm (6.53 inch) HD+ Display,13MP + 2MP | 5MP Front Camera,5000 mAh Battery,MediaTek Helio G35 Processor,1 year manufacturer warranty for device and 6 months manufacturer warranty for in-box accessories including batteries from the date of purchase","26,948 Ratings "
"₹7,599",,,"Redmi 6A (Gold, 32 GB)",4.3,"2 GB RAM | 32 GB ROM | Expandable Upto 128 GB,13.84 cm (5.45 inch) HD Display,13MP Rear Camera,3000 mAh Battery,Mediateck Processor,1 Year Manufacturer Warranty","57,208 Ratings "
"₹11,990",,,"Redmi Note 8 (Neptune Blue, 32 GB)",4.4,"3 GB RAM | 32 GB ROM,16.0 cm (6.3 inch) Full HD+ Display,48MP + 8MP | 13MP Front Camera,4000 mAh Battery,1 year manufacturer warranty for device and 6 months manufacturer warranty for in-box accessories including batteries from the date of purchase",418 Ratings 
"₹9,999",,,"Mi A2 (Red, 64 GB)",4.2,"4 GB RAM | 64 GB ROM,15.21 cm (5.99 inch) Full HD+ Display,20MP + 12MP | 20MP Front Camera,3010 mAh Battery,Qualcomm Snapdragon 660 AIE Processor,Brand Warranty of 1 Year Available for Mobile and 6 Months for Battery and Accessories","34,803 Ratings "
"₹22,999",,,"Redmi Note 11 PRO Plus 5G (Mirage Blue, 256 GB)",4.2,"8 GB RAM | 256 GB ROM,16.94 cm (6.67 inch) Display,108MP Rear Camera,5000 mAh Battery,1 Year Manufacturer Warranty for Handset and 6 Months Warranty for In the Box Accessories","2,963 Ratings "
"₹10,190",,,"Redmi Y3 (Elegant Blue, 32 GB)",4.4,"3 GB RAM | 32 GB ROM | Expandable Upto 512 GB,15.9 cm (6.26 inch) HD+ Display,12MP + 2MP | 32MP Front Camera,4000 mAh Battery,Qualcomm Snapdragon 632 Processor,Brand Warranty of 1 Year Available for Mobile and 6 Months for Battery and Accessories","21,055 Ratings "
"₹6,999",,,"Redmi 3S (Gold, 16 GB)",4.3,"2 GB RAM | 16 GB ROM | Expandable Upto 128 GB,12.7 cm (5 inch) HD Display,13MP Rear Camera | 5MP Front Camera,4100 mAh Li-Ion Polymer Battery,Qualcomm Snapdragon 430 64-bit Octa Core 1.4GHz Processor,Brand Warranty of 1 Year Available for Mobile and 6 Months for Accessories","2,11,089 Ratings "
"₹20,999",16% off,"₹,24,999","Redmi Note 11 PRO Plus 5G (Mirage Blue, 128 GB)",4.2,"6 GB RAM | 128 GB ROM,16.94 cm (6.67 inch) Display,108MP Rear Camera,5000 mAh Battery,12 Months Warranty","5,994 Ratings "
"₹6,999",,,"Redmi 3S (Silver, 16 GB)",4.3,"2 GB RAM | 16 GB ROM | Expandable Upto 128 GB,12.7 cm (5 inch) HD Display,13MP Rear Camera | 5MP Front Camera,4100 mAh Li-Ion Polymer Battery,Qualcomm Snapdragon 430 64-bit Octa Core 1.4GHz Processor,Brand Warranty of 1 Year Available for Mobile and 6 Months for Accessories","2,11,089 Ratings "
"₹28,999",,,"Redmi K20 Pro (Carbon Black, 128 GB)",4.5,"6 GB RAM | 128 GB ROM,16.23 cm (6.39 inch) Full HD+ Display,48MP + 13MP + 8MP | 20MP Front Camera,4000 mAh Li-polymer Battery,Qualcomm Snapdragon 855 Processor,Brand Warranty of 1 Year Available for Mobile and 6 Months for Accessories","83,330 Ratings "
"₹5,999",,,"Redmi 5A (Rose Gold, 16 GB)",4.5,"2 GB RAM | 16 GB ROM | Expandable Upto 128 GB,12.7 cm (5 inch) HD Display,13MP Rear Camera | 5MP Front Camera,3000 mAh Li-polymer Battery,Qualcomm Snapdragon 425 Processor,Brand Warranty of 1 Year Available for Mobile and 6 Months for Accessories","12,32,696 Ratings "
"₹6,999",,,"Redmi 5A (Blue, 32 GB)",4.4,"3 GB RAM | 32 GB ROM | Expandable Upto 128 GB,12.7 cm (5 inch) HD Display,13MP Rear Camera | 5MP Front Camera,3000 mAh Li-polymer Battery,Qualcomm Snapdragon 425 Processor,Brand Warranty of 1 Year Available for Mobile and 6 Months for Accessories","6,06,421 Ratings "
"₹31,999",,,"Redmi K20 Pro (Pearl White, 256 GB)",4.5,"8 GB RAM | 256 GB ROM,16.23 cm (6.39 inch) Full HD+ Display,48MP + 13MP + 8MP | 20MP Front Camera,4000 mAh Li-polymer Battery,Qualcomm Snapdragon 855 Processor,Brand Warranty of 1 Year Available for Mobile and 6 Months for Accessories","15,341 Ratings "
"₹6,999",,,"Redmi 3S (Dark Grey, 16 GB)",4.3,"2 GB RAM | 16 GB ROM | Expandable Upto 128 GB,12.7 cm (5 inch) HD Display,13MP Rear Camera | 5MP Front Camera,4100 mAh Li-Ion Polymer Battery,Qualcomm Snapdragon 430 64-bit Octa Core 1.4GHz Processor,Brand Warranty of 1 Year Available for Mobile and 6 Months for Accessories","2,11,089 Ratings "
"₹37,990",29% off,"₹,53,999","Xiaomi 11T Pro 5G Hyperphone (Moonlight White, 256 GB)",4.2,"12 GB RAM | 256 GB ROM,16.94 cm (6.67 inch) Display,108MP Rear Camera,5000 mAh Battery,12 months",185 Ratings 
"₹10,649",3% off,"₹,10,999","Redmi Note 4 (Dark Grey, 32 GB)",4.4,"3 GB RAM | 32 GB ROM | Expandable Upto 128 GB,13.97 cm (5.5 inch) Full HD Display,13MP Rear Camera | 5MP Front Camera,4100 mAh Li-Polymer Battery,Qualcomm Snapdragon 625 64-bit Octa Core 2GHz Processor,Brand Warranty of 1 Year Available for Mobile and 6 Months for Accessories","6,42,012 Ratings "
"₹14,999",,,"Mi Max (Gold, 32 GB)",4.3,"3 GB RAM | 32 GB ROM | Expandable Upto 128 GB,16.36 cm (6.44 inch) Full HD Display,16MP Rear Camera | 5MP Front Camera,4850 mAh Li-Polymer Battery,Qualcomm Snapdragon 650 64-bit Processor,Brand Warranty of 1 Year Available for Mobile and 6 Months for Accessories","18,747 Ratings "
"₹14,999",,,"Mi Max (Silver, 32 GB)",4.3,"3 GB RAM | 32 GB ROM | Expandable Upto 128 GB,16.36 cm (6.44 inch) Full HD Display,16MP Rear Camera | 5MP Front Camera,4850 mAh Li-Polymer Battery,Qualcomm Snapdragon 650 64-bit Processor,Brand Warranty of 1 Year Available for Mobile and 6 Months for Accessories","18,747 Ratings "
"₹8,499",,,"Redmi 5 (Lake Blue, 16 GB)",4.3,"2 GB RAM | 16 GB ROM | Expandable Upto 128 GB,14.48 cm (5.7 inch) HD+ Display,12MP Rear Camera | 5MP Front Camera,3300 mAh Battery,Qualcomm Snapdragon 450 Processor,Brand Warranty of 1 Year Available for Mobile and 6 Months for Accessories","4,310 Ratings "
"₹9,490",,,"Redmi 6 Pro (Black, 32 GB)",4.3,"3 GB RAM | 32 GB ROM | Expandable Upto 256 GB,14.83 cm (5.84 inch) Full HD+ Display,12MP + 5MP | 5MP Front Camera,4000 mAh Battery,Qualcomm Snapdragon 625 Processor,Brand Warranty of 1 Year Available for Mobile and 6 Months for Battery and Accessories","11,495 Ratings "
"₹28,999",,,"Redmi K20 Pro (Pearl White, 128 GB)",4.5,"6 GB RAM | 128 GB ROM,16.23 cm (6.39 inch) Full HD+ Display,48MP + 13MP + 8MP | 20MP Front Camera,4000 mAh Li-polymer Battery,Qualcomm Snapdragon 855 Processor,Brand Warranty of 1 Year Available for Mobile and 6 Months for Accessories","83,330 Ratings "
"₹14,999",,,"Mi Max (Dark Grey, 32 GB)",4.3,"3 GB RAM | 32 GB ROM | Expandable Upto 128 GB,16.36 cm (6.44 inch) Full HD Display,16MP Rear Camera | 5MP Front Camera,4850 mAh Li-Polymer Battery,Qualcomm Snapdragon 650 64-bit Processor,Brand Warranty of 1 Year Available for Mobile and 6 Months for Accessories","18,747 Ratings "
"₹13,499",,,"Redmi Y2 (Rose Gold, 64 GB)",4.4,"4 GB RAM | 64 GB ROM | Expandable Upto 256 GB,15.21 cm (5.99 inch) HD+ Display,12MP + 5MP | 16MP Front Camera,3080 mAh Li Polymer Battery,Qualcomm Snapdragon 625 Processor,Brand Warranty of 1 Year Available for Mobile and 6 Months for Accessories","27,461 Ratings "
"₹5,999",,,"Redmi 1S (Metal Gray, 8 GB)",4.3,"1 GB RAM | 8 GB ROM | Expandable Upto 64 GB,11.94 cm (4.7 inch) HD Display,8MP Rear Camera | 1.6MP Front Camera,2000 mAh Battery,MSM8228 Processor,1 Year for Mobile & 6 Months for Accessories","84,617 Ratings "
"₹13,999",,,"Mi A2 (Gold, 128 GB)",4.1,"6 GB RAM | 128 GB ROM,15.21 cm (5.99 inch) Full HD+ Display,20MP + 12MP | 20MP Front Camera,3010 mAh Battery,Qualcomm Snapdragon 660 AIE Processor,Brand Warranty of 1 Year Available for Mobile and 6 Months for Battery and Accessories","3,221 Ratings "
"₹11,999",,,"Redmi Note 5 (Blue, 64 GB)",4.4,"4 GB RAM | 64 GB ROM | Expandable Upto 128 GB,15.21 cm (5.99 inch) Full HD+ Display,12MP Rear Camera | 5MP Front Camera,4000 mAh Li Polymer Battery,Qualcomm Snapdragon 625 Processor,Brand Warranty of 1 Year Available for Mobile and 6 Months for Accessories","3,58,113 Ratings "
"₹14,999",,,"Mi A3 (Not just Blue, 64 GB)",4.3,"4 GB RAM | 64 GB ROM | Expandable Upto 256 GB,15.46 cm (6.088 inch) HD+ Display,48MP + 8MP + 2MP | 32MP Front Camera,4030 mAh Battery,Qualcomm Snapdragon 665 Processor,Brand Warranty of 1 Year Available for Mobile and 6 Months for Accessories","38,764 Ratings "
"₹22,999",,,"Redmi K20 (Flame Red, 64 GB)",4.5,"6 GB RAM | 64 GB ROM,16.23 cm (6.39 inch) Full HD+ Display,48MP + 13MP + 8MP | 20MP Front Camera,4000 mAh Li-polymer Battery,Qualcomm Snapdragon 730 Processor,Brand Warranty of 1 Year Available for Mobile and 6 Months for Accessories","51,360 Ratings "
"₹22,999",,,"Redmi K20 (Pearl White, 64 GB)",4.5,"6 GB RAM | 64 GB ROM,16.23 cm (6.39 inch) Full HD+ Display,48MP + 13MP + 8MP | 20MP Front Camera,4000 mAh Li-polymer Battery,Qualcomm Snapdragon 730 Processor,Brand Warranty of 1 Year Available for Mobile and 6 Months for Accessories","51,360 Ratings "
"₹25,000",3% off,"₹,25,990","11 Lite NE (Tuscany Coral, 128 GB)",4.1,"8 GB RAM | 128 GB ROM,16.64 cm (6.55 inch) Display,64MP Rear Camera,4250 mAh Battery,1 Year Manufacturer Warranty for Handset and 6 Months Warranty for In the Box Accessories",40 Ratings 
"₹6,749",,,"Redmi 6A (Blue, 32 GB)",4.3,"2 GB RAM | 32 GB ROM | Expandable Upto 128 GB,13.84 cm (5.45 inch) HD Display,13MP Rear Camera,3000 mAh Battery,Mediateck Processor,1 Year Manufacturer Warranty","57,208 Ratings "
"₹21,999",,,"Mi 10i (Midnight Black, 64 GB)",4.3,"6 GB RAM | 64 GB ROM,16.94 cm (6.67 inch) Full HD+ Display,108MP + 8MP + 2MP + 2MP | 16MP Front Camera,4820 mAh Battery,Qualcomm® Snapdragon™ 750G Processor,1 year manufacturer warranty for device and 6 months manufacturer warranty for in-box accessories including batteries from the date of purchase","3,004 Ratings "
"₹24,999",,,"Mi 5 (Gold, 32 GB)",4.3,"3 GB RAM | 32 GB ROM,13.08 cm (5.15 inch) Full HD Display,16MP Rear Camera | 4MP Front Camera,3000 mAh Li-Ion Polymer Battery,Snapdragon 820 Kryo Processor,Brand Warranty of 1 Year","19,284 Ratings "
"₹24,999",,,"Mi 5 (White, 32 GB)",4.3,"3 GB RAM | 32 GB ROM,13.08 cm (5.15 inch) Full HD Display,16MP Rear Camera | 4MP Front Camera,3000 mAh Li-Ion Polymer Battery,Snapdragon 820 Kryo Processor,Brand Warranty of 1 Year","19,284 Ratings "
"₹8,999",,,"Redmi 8A (Midnight Black, 32 GB)",4.4,"3 GB RAM | 32 GB ROM | Expandable Upto 512 GB,15.8 cm (6.22 inch) HD+ Display,12MP Rear Camera | 8MP Front Camera,5000 mAh Battery,Qualcomm Snapdragon 439 Processor,Brand Warranty of 1 Year Available for Mobile and 6 Months for Accessories","1,40,498 Ratings "
"₹21,999",,,"Mi 10i (Atlantic Blue, 64 GB)",4.3,"6 GB RAM | 64 GB ROM,16.94 cm (6.67 inch) Full HD+ Display,108MP + 8MP + 2MP + 2MP | 16MP Front Camera,4820 mAh Battery,Qualcomm® Snapdragon™ 750G Processor,1 year manufacturer warranty for device and 6 months manufacturer warranty for in-box accessories including batteries from the date of purchase","3,004 Ratings "
"₹18,190",,"₹,18,340","REDMI Note 11T 5G (Matte black, 128 GB)",4.2,"6 GB RAM | 128 GB ROM,16.76 cm (6.6 inch) Display,50MP Rear Camera,5000 mAh Battery,12 Months Warranty","5,806 Ratings "
"₹12,999",,,"Mi 4i (Yellow, 16 GB)",4.2,"2 GB RAM | 16 GB ROM,12.7 cm (5 inch) Full HD Display,13MP Rear Camera | 5MP Front Camera,3030 mAh Li-ion Polymer Battery,2nd-gen Snapdragon 615 64-bit octa-core Processor,Brand Warranty of 1 Year Available for Mobile and 6 Months for Accessories","80,871 Ratings "
"₹17,499",,,"Mi A2 (Blue/Lake Blue, 64 GB)",4.2,"4 GB RAM | 64 GB ROM,15.21 cm (5.99 inch) Full HD+ Display,20MP + 12MP | 20MP Front Camera,3010 mAh Battery,Qualcomm Snapdragon 660 AIE Processor,Brand Warranty of 1 Year Available for Mobile and 6 Months for Battery and Accessories","34,803 Ratings "
"₹9,499",,,"�9A (Midnight Black, 32 GB)",,"3 GB RAM | 32 GB ROM,16.59 cm (6.53 inch) Display,13MP Rear Camera,5000 mAh Battery,1 Year Manufacturer Warranty for Handset and 6 Months Warranty for In the Box Accessories",
"₹26,999",20% off,"₹,33,999","Xiaomi 11i Hypercharge 5G (Camo Green, 128 GB)",4.2,"8 GB RAM | 128 GB ROM | Expandable Upto 1 TB,16.94 cm (6.67 inch) Full HD+ AMOLED Display,108MP + 8MP + 2MP | 16MP Front Camera,4500 mAh Li-Polymer Battery,Mediatek Dimensity 920 Processor,1 Year Manufacturer Warranty for Phone and 6 Months Warranty for In the Box Accessories","6,633 Ratings "
"₹14,999",,,"Mi A3 (Kind of Grey, 64 GB)",4.3,"4 GB RAM | 64 GB ROM | Expandable Upto 256 GB,15.46 cm (6.088 inch) HD+ Display,48MP + 8MP + 2MP | 32MP Front Camera,4030 mAh Battery,Qualcomm Snapdragon 665 Processor,Brand Warranty of 1 Year Available for Mobile and 6 Months for Accessories","38,764 Ratings "
"₹14,490",,"₹,14,499","Redmi 10 Prime (Astral White, 64 GB)",4,"4 GB RAM | 64 GB ROM,16.51 cm (6.5 inch) Display,8MP Rear Camera,6000 mAh Battery,1 Year Manufacturer Warranty for Handset and 6 Months Warranty for In the Box Accessories",52 Ratings 
"₹13,499",,,"Redmi Y2 (Blue, 64 GB)",4.4,"4 GB RAM | 64 GB ROM | Expandable Upto 256 GB,15.21 cm (5.99 inch) HD+ Display,12MP + 5MP | 16MP Front Camera,3080 mAh Li Polymer Battery,Qualcomm Snapdragon 625 Processor,Brand Warranty of 1 Year Available for Mobile and 6 Months for Accessories","27,461 Ratings "
"₹14,999",,,"Redmi Note 5 Pro (Red, 64 GB)",4.5,"4 GB RAM | 64 GB ROM | Expandable Upto 128 GB,15.21 cm (5.99 inch) Full HD+ Display,12MP + 5MP | 20MP Front Camera,4000 mAh Li Polymer Battery,Qualcomm Snapdragon 636 Processor,Brand Warranty of 1 Year Available for Mobile and 6 Months for Accessories","11,71,652 Ratings "
"₹8,999",,,"Redmi 3S Prime (Silver, 32 GB)",4.3,"3 GB RAM | 32 GB ROM | Expandable Upto 128 GB,12.7 cm (5 inch) HD Display,13MP Rear Camera | 5MP Front Camera,4100 mAh Li-Ion Polymer Battery,Qualcomm Snapdragon 430 64-bit Octa Core 1.4GHz Processor,Brand Warranty of 1 Year Available for Mobile and 6 Months for Accessories","4,75,779 Ratings "
"₹16,999",,,"Redmi Note 5 Pro (Rose Gold, 64 GB)",4.5,"6 GB RAM | 64 GB ROM | Expandable Upto 128 GB,15.21 cm (5.99 inch) Full HD+ Display,12MP + 5MP | 20MP Front Camera,4000 mAh Li Polymer Battery,Qualcomm Snapdragon 636 Processor,Brand Warranty of 1 Year Available for Mobile and 6 Months for Accessories","2,59,756 Ratings "
"₹12,999",,,"Mi 4i (Blue, 16 GB)",4.2,"2 GB RAM | 16 GB ROM,12.7 cm (5 inch) Full HD Display,13MP Rear Camera | 5MP Front Camera,3030 mAh Li-ion Polymer Battery,2nd-gen Snapdragon 615 64-bit octa-core Processor,Brand Warranty of 1 Year Available for Mobile and 6 Months for Accessories","80,871 Ratings "
"₹31,999",,,"Redmi K20 Pro (Carbon Black, 256 GB)",4.5,"8 GB RAM | 256 GB ROM,16.23 cm (6.39 inch) Full HD+ Display,48MP + 13MP + 8MP | 20MP Front Camera,4000 mAh Li-polymer Battery,Qualcomm Snapdragon 855 Processor,Brand Warranty of 1 Year Available for Mobile and 6 Months for Accessories","15,341 Ratings "
"₹16,999",,,"Redmi Note 7 Pro (MOONLIGHT WHITE, 64 GB)",4.5,"6 GB RAM | 64 GB ROM | Expandable Upto 256 GB,16.0 cm (6.3 inch) Full HD+ Display,48MP + 5MP | 13MP Front Camera,4000 mAh Li-polymer Battery,Qualcomm Snapdragon 675 Processor,Quick Charge 4.0 Support,Brand Warranty of 1 Year Available for Mobile and 6 Months for Accessories","3,20,557 Ratings "
"₹24,999",,,"Mi 5 (Black, 32 GB)",4.3,"3 GB RAM | 32 GB ROM,13.08 cm (5.15 inch) Full HD Display,16MP Rear Camera | 4MP Front Camera,3000 mAh Li-Ion Polymer Battery,Snapdragon 820 Kryo Processor,Brand Warranty of 1 Year","19,284 Ratings "
